2025-05-28T14:06:47.278+03:00 appender 21184 --- [main] c.e.u.StickersCreateApplication          : Starting StickersCreateApplication using Java 21.0.2 with PID 21184 (D:\rpo\java\Stickers2\target\classes started by 8_kovalenko_351 in D:\rpo\java\Stickers2)
2025-05-28T14:06:47.310+03:00 appender 21184 --- [main] c.e.u.StickersCreateApplication          : No active profile set, falling back to 1 default profile: "default"
2025-05-28T14:06:50.853+03:00 appender 21184 --- [main] o.s.b.w.embedded.tomcat.TomcatWebServer  : Tomcat initialized with port 8081 (http)
2025-05-28T14:06:50.881+03:00 appender 21184 --- [main] o.apache.catalina.core.StandardService   : Starting service [Tomcat]
2025-05-28T14:06:50.886+03:00 appender 21184 --- [main] o.apache.catalina.core.StandardEngine    : Starting Servlet engine: [Apache Tomcat/10.1.31]
2025-05-28T14:06:51.036+03:00 appender 21184 --- [main] o.a.c.c.C.[Tomcat].[localhost].[/]       : Initializing Spring embedded WebApplicationContext
2025-05-28T14:06:51.036+03:00 appender 21184 --- [main] w.s.c.ServletWebServerApplicationContext : Root WebApplicationContext: initialization completed in 3464 ms
2025-05-28T14:06:52.351+03:00 appender 21184 --- [main] o.s.b.a.e.web.EndpointLinksResolver      : Exposing 1 endpoint beneath base path '/actuator'
2025-05-28T14:06:52.615+03:00 appender 21184 --- [main] o.s.b.w.embedded.tomcat.TomcatWebServer  : Tomcat started on port 8081 (http) with context path '/'
2025-05-28T14:06:52.712+03:00 appender 21184 --- [main] c.e.u.StickersCreateApplication          : Started StickersCreateApplication in 6.596 seconds (process running for 8.619)
2025-05-28T14:06:52.756+03:00 appender 21184 --- [main] .s.b.a.l.ConditionEvaluationReportLogger : 

Error starting ApplicationContext. To display the condition evaluation report re-run your application with 'debug' enabled.
2025-05-28T14:06:52.825+03:00 appender 21184 --- [main] o.s.boot.SpringApplication               : Application run failed

java.lang.IllegalStateException: argument type mismatch
HandlerMethod details: 
Bean [com.example.uploadingfiles.FileUploadRestController]
Method [public void com.example.uploadingfiles.FileUploadRestController.onApplicationReady(org.springframework.boot.context.event.ApplicationReadyEvent)]
Resolved arguments: 
[0] [type=org.springframework.boot.context.event.ApplicationStartedEvent] [value=org.springframework.boot.context.event.ApplicationStartedEvent[source=org.springframework.boot.SpringApplication@681de87f]]

	at org.springframework.context.event.ApplicationListenerMethodAdapter.doInvoke(ApplicationListenerMethodAdapter.java:369) ~[spring-context-6.1.14.jar:6.1.14]
	at org.springframework.context.event.ApplicationListenerMethodAdapter.processEvent(ApplicationListenerMethodAdapter.java:237) ~[spring-context-6.1.14.jar:6.1.14]
	at org.springframework.context.event.ApplicationListenerMethodAdapter.onApplicationEvent(ApplicationListenerMethodAdapter.java:168) ~[spring-context-6.1.14.jar:6.1.14]
	at org.springframework.context.event.SimpleApplicationEventMulticaster.doInvokeListener(SimpleApplicationEventMulticaster.java:185) ~[spring-context-6.1.14.jar:6.1.14]
	at org.springframework.context.event.SimpleApplicationEventMulticaster.invokeListener(SimpleApplicationEventMulticaster.java:178) ~[spring-context-6.1.14.jar:6.1.14]
	at org.springframework.context.event.SimpleApplicationEventMulticaster.multicastEvent(SimpleApplicationEventMulticaster.java:156) ~[spring-context-6.1.14.jar:6.1.14]
	at org.springframework.context.support.AbstractApplicationContext.publishEvent(AbstractApplicationContext.java:452) ~[spring-context-6.1.14.jar:6.1.14]
	at org.springframework.context.support.AbstractApplicationContext.publishEvent(AbstractApplicationContext.java:385) ~[spring-context-6.1.14.jar:6.1.14]
	at org.springframework.boot.context.event.EventPublishingRunListener.started(EventPublishingRunListener.java:103) ~[spring-boot-3.3.5.jar:3.3.5]
	at org.springframework.boot.SpringApplicationRunListeners.lambda$started$5(SpringApplicationRunListeners.java:76) ~[spring-boot-3.3.5.jar:3.3.5]
	at java.base/java.lang.Iterable.forEach(Iterable.java:75) ~[na:na]
	at org.springframework.boot.SpringApplicationRunListeners.doWithListeners(SpringApplicationRunListeners.java:118) ~[spring-boot-3.3.5.jar:3.3.5]
	at org.springframework.boot.SpringApplicationRunListeners.doWithListeners(SpringApplicationRunListeners.java:112) ~[spring-boot-3.3.5.jar:3.3.5]
	at org.springframework.boot.SpringApplicationRunListeners.started(SpringApplicationRunListeners.java:76) ~[spring-boot-3.3.5.jar:3.3.5]
	at org.springframework.boot.SpringApplication.run(SpringApplication.java:341) ~[spring-boot-3.3.5.jar:3.3.5]
	at org.springframework.boot.SpringApplication.run(SpringApplication.java:1363) ~[spring-boot-3.3.5.jar:3.3.5]
	at org.springframework.boot.SpringApplication.run(SpringApplication.java:1352) ~[spring-boot-3.3.5.jar:3.3.5]
	at com.example.uploadingfiles.StickersCreateApplication.main(StickersCreateApplication.java:17) ~[classes/:na]
Caused by: java.lang.IllegalArgumentException: argument type mismatch
	at java.base/jdk.internal.reflect.DirectMethodHandleAccessor.invoke(DirectMethodHandleAccessor.java:107) ~[na:na]
	at java.base/java.lang.reflect.Method.invoke(Method.java:580) ~[na:na]
	at org.springframework.context.event.ApplicationListenerMethodAdapter.doInvoke(ApplicationListenerMethodAdapter.java:365) ~[spring-context-6.1.14.jar:6.1.14]
	... 17 common frames omitted

2025-05-28T14:11:16.278+03:00 appender 19788 --- [main] c.e.u.StickersCreateApplication          : Starting StickersCreateApplication using Java 21.0.2 with PID 19788 (D:\rpo\java\Stickers2\target\classes started by 8_kovalenko_351 in D:\rpo\java\Stickers2)
2025-05-28T14:11:16.289+03:00 appender 19788 --- [main] c.e.u.StickersCreateApplication          : No active profile set, falling back to 1 default profile: "default"
2025-05-28T14:11:19.120+03:00 appender 19788 --- [main] o.s.b.w.embedded.tomcat.TomcatWebServer  : Tomcat initialized with port 8081 (http)
2025-05-28T14:11:19.140+03:00 appender 19788 --- [main] o.apache.catalina.core.StandardService   : Starting service [Tomcat]
2025-05-28T14:11:19.142+03:00 appender 19788 --- [main] o.apache.catalina.core.StandardEngine    : Starting Servlet engine: [Apache Tomcat/10.1.31]
2025-05-28T14:11:19.244+03:00 appender 19788 --- [main] o.a.c.c.C.[Tomcat].[localhost].[/]       : Initializing Spring embedded WebApplicationContext
2025-05-28T14:11:19.244+03:00 appender 19788 --- [main] w.s.c.ServletWebServerApplicationContext : Root WebApplicationContext: initialization completed in 2804 ms
2025-05-28T14:11:20.408+03:00 appender 19788 --- [main] o.s.b.a.e.web.EndpointLinksResolver      : Exposing 1 endpoint beneath base path '/actuator'
2025-05-28T14:11:20.549+03:00 appender 19788 --- [main] o.s.b.w.embedded.tomcat.TomcatWebServer  : Tomcat started on port 8081 (http) with context path '/'
2025-05-28T14:11:20.572+03:00 appender 19788 --- [main] c.e.u.StickersCreateApplication          : Started StickersCreateApplication in 4.906 seconds (process running for 6.852)
2025-05-28T14:12:48.870+03:00 appender 21268 --- [main] c.e.u.StickersCreateApplication          : Starting StickersCreateApplication using Java 21.0.2 with PID 21268 (D:\rpo\java\Stickers2\target\classes started by 8_kovalenko_351 in D:\rpo\java\Stickers2)
2025-05-28T14:12:48.875+03:00 appender 21268 --- [main] c.e.u.StickersCreateApplication          : No active profile set, falling back to 1 default profile: "default"
2025-05-28T14:12:50.872+03:00 appender 21268 --- [main] o.s.b.w.embedded.tomcat.TomcatWebServer  : Tomcat initialized with port 8081 (http)
2025-05-28T14:12:50.893+03:00 appender 21268 --- [main] o.apache.catalina.core.StandardService   : Starting service [Tomcat]
2025-05-28T14:12:50.894+03:00 appender 21268 --- [main] o.apache.catalina.core.StandardEngine    : Starting Servlet engine: [Apache Tomcat/10.1.31]
2025-05-28T14:12:51.010+03:00 appender 21268 --- [main] o.a.c.c.C.[Tomcat].[localhost].[/]       : Initializing Spring embedded WebApplicationContext
2025-05-28T14:12:51.010+03:00 appender 21268 --- [main] w.s.c.ServletWebServerApplicationContext : Root WebApplicationContext: initialization completed in 2049 ms
2025-05-28T14:13:03.175+03:00 appender 21268 --- [main] o.s.b.a.e.web.EndpointLinksResolver      : Exposing 1 endpoint beneath base path '/actuator'
2025-05-28T14:13:03.358+03:00 appender 21268 --- [main] o.s.b.w.embedded.tomcat.TomcatWebServer  : Tomcat started on port 8081 (http) with context path '/'
2025-05-28T14:13:03.397+03:00 appender 21268 --- [main] c.e.u.StickersCreateApplication          : Started StickersCreateApplication in 15.617 seconds (process running for 17.678)
2025-05-28T14:26:54.820+03:00 appender 14100 --- [main] c.e.u.StickersCreateApplication          : Starting StickersCreateApplication using Java 21.0.2 with PID 14100 (D:\rpo\java\Stickers2\target\classes started by 8_kovalenko_351 in D:\rpo\java\Stickers2)
2025-05-28T14:26:54.878+03:00 appender 14100 --- [main] c.e.u.StickersCreateApplication          : No active profile set, falling back to 1 default profile: "default"
2025-05-28T14:27:00.838+03:00 appender 14100 --- [main] o.s.b.w.embedded.tomcat.TomcatWebServer  : Tomcat initialized with port 8081 (http)
2025-05-28T14:27:00.958+03:00 appender 14100 --- [main] o.apache.catalina.core.StandardService   : Starting service [Tomcat]
2025-05-28T14:27:00.960+03:00 appender 14100 --- [main] o.apache.catalina.core.StandardEngine    : Starting Servlet engine: [Apache Tomcat/10.1.31]
2025-05-28T14:27:01.248+03:00 appender 14100 --- [main] o.a.c.c.C.[Tomcat].[localhost].[/]       : Initializing Spring embedded WebApplicationContext
2025-05-28T14:27:01.250+03:00 appender 14100 --- [main] w.s.c.ServletWebServerApplicationContext : Root WebApplicationContext: initialization completed in 5952 ms
2025-05-28T14:27:10.903+03:00 appender 14100 --- [main] o.s.b.a.e.web.EndpointLinksResolver      : Exposing 1 endpoint beneath base path '/actuator'
2025-05-28T14:27:11.076+03:00 appender 14100 --- [main] o.s.b.w.embedded.tomcat.TomcatWebServer  : Tomcat started on port 8081 (http) with context path '/'
2025-05-28T14:27:11.200+03:00 appender 14100 --- [main] c.e.u.StickersCreateApplication          : Started StickersCreateApplication in 17.951 seconds (process running for 21.767)
2025-05-28T14:27:11.256+03:00 appender 14100 --- [main] c.e.u.services.WbProductsService         : Trying to fetch products from API: http://localhost:8080/api/wb/all-cards-mapped-short
2025-05-28T14:27:14.047+03:00 appender 14100 --- [main] c.e.u.services.WbProductsService         : Products data saved to wb_products_backup.json
2025-05-28T14:27:14.048+03:00 appender 14100 --- [main] c.e.u.services.WbProductsService         : Successfully fetched 88413 products from API
2025-05-28T14:27:14.048+03:00 appender 14100 --- [main] c.e.u.FileUploadRestController           : Successfully loaded 88413 products on startup
2025-05-28T14:27:42.561+03:00 appender 14100 --- [http-nio-8081-exec-2] o.a.c.c.C.[Tomcat].[localhost].[/]       : Initializing Spring DispatcherServlet 'dispatcherServlet'
2025-05-28T14:27:42.567+03:00 appender 14100 --- [http-nio-8081-exec-2] o.s.web.servlet.DispatcherServlet        : Initializing Servlet 'dispatcherServlet'
2025-05-28T14:27:42.594+03:00 appender 14100 --- [http-nio-8081-exec-2] o.s.web.servlet.DispatcherServlet        : Completed initialization in 6 ms
2025-05-28T14:27:43.198+03:00 appender 14100 --- [http-nio-8081-exec-4] c.e.u.FileUploadRestController           : Total files found: 0
2025-05-28T14:27:43.210+03:00 appender 14100 --- [http-nio-8081-exec-4] o.a.c.c.C.[.[.[/].[dispatcherServlet]    : Servlet.service() for servlet [dispatcherServlet] in context with path [] threw exception [Request processing failed: java.lang.NullPointerException: Cannot invoke "java.util.HashMap.keySet()" because the return value of "com.example.uploadingfiles.ReferenceFileSingleton.getBrandHash()" is null] with root cause

java.lang.NullPointerException: Cannot invoke "java.util.HashMap.keySet()" because the return value of "com.example.uploadingfiles.ReferenceFileSingleton.getBrandHash()" is null
	at com.example.uploadingfiles.FileUploadRestController.listUploadedFiles(FileUploadRestController.java:91) ~[classes/:na]
	at java.base/jdk.internal.reflect.DirectMethodHandleAccessor.invoke(DirectMethodHandleAccessor.java:103) ~[na:na]
	at java.base/java.lang.reflect.Method.invoke(Method.java:580) ~[na:na]
	at org.springframework.web.method.support.InvocableHandlerMethod.doInvoke(InvocableHandlerMethod.java:255) ~[spring-web-6.1.14.jar:6.1.14]
	at org.springframework.web.method.support.InvocableHandlerMethod.invokeForRequest(InvocableHandlerMethod.java:188) ~[spring-web-6.1.14.jar:6.1.14]
	at org.springframework.web.servlet.mvc.method.annotation.ServletInvocableHandlerMethod.invokeAndHandle(ServletInvocableHandlerMethod.java:118) ~[spring-webmvc-6.1.14.jar:6.1.14]
	at org.springframework.web.servlet.mvc.method.annotation.RequestMappingHandlerAdapter.invokeHandlerMethod(RequestMappingHandlerAdapter.java:926) ~[spring-webmvc-6.1.14.jar:6.1.14]
	at org.springframework.web.servlet.mvc.method.annotation.RequestMappingHandlerAdapter.handleInternal(RequestMappingHandlerAdapter.java:831) ~[spring-webmvc-6.1.14.jar:6.1.14]
	at org.springframework.web.servlet.mvc.method.AbstractHandlerMethodAdapter.handle(AbstractHandlerMethodAdapter.java:87) ~[spring-webmvc-6.1.14.jar:6.1.14]
	at org.springframework.web.servlet.DispatcherServlet.doDispatch(DispatcherServlet.java:1089) ~[spring-webmvc-6.1.14.jar:6.1.14]
	at org.springframework.web.servlet.DispatcherServlet.doService(DispatcherServlet.java:979) ~[spring-webmvc-6.1.14.jar:6.1.14]
	at org.springframework.web.servlet.FrameworkServlet.processRequest(FrameworkServlet.java:1014) ~[spring-webmvc-6.1.14.jar:6.1.14]
	at org.springframework.web.servlet.FrameworkServlet.doGet(FrameworkServlet.java:903) ~[spring-webmvc-6.1.14.jar:6.1.14]
	at jakarta.servlet.http.HttpServlet.service(HttpServlet.java:564) ~[tomcat-embed-core-10.1.31.jar:6.0]
	at org.springframework.web.servlet.FrameworkServlet.service(FrameworkServlet.java:885) ~[spring-webmvc-6.1.14.jar:6.1.14]
	at jakarta.servlet.http.HttpServlet.service(HttpServlet.java:658) ~[tomcat-embed-core-10.1.31.jar:6.0]
	at org.apache.catalina.core.ApplicationFilterChain.internalDoFilter(ApplicationFilterChain.java:195) ~[tomcat-embed-core-10.1.31.jar:10.1.31]
	at org.apache.catalina.core.ApplicationFilterChain.doFilter(ApplicationFilterChain.java:140) ~[tomcat-embed-core-10.1.31.jar:10.1.31]
	at org.apache.tomcat.websocket.server.WsFilter.doFilter(WsFilter.java:51) ~[tomcat-embed-websocket-10.1.31.jar:10.1.31]
	at org.apache.catalina.core.ApplicationFilterChain.internalDoFilter(ApplicationFilterChain.java:164) ~[tomcat-embed-core-10.1.31.jar:10.1.31]
	at org.apache.catalina.core.ApplicationFilterChain.doFilter(ApplicationFilterChain.java:140) ~[tomcat-embed-core-10.1.31.jar:10.1.31]
	at org.springframework.web.filter.ServerHttpObservationFilter.doFilterInternal(ServerHttpObservationFilter.java:113) ~[spring-web-6.1.14.jar:6.1.14]
	at org.springframework.web.filter.OncePerRequestFilter.doFilter(OncePerRequestFilter.java:116) ~[spring-web-6.1.14.jar:6.1.14]
	at org.apache.catalina.core.ApplicationFilterChain.internalDoFilter(ApplicationFilterChain.java:164) ~[tomcat-embed-core-10.1.31.jar:10.1.31]
	at org.apache.catalina.core.ApplicationFilterChain.doFilter(ApplicationFilterChain.java:140) ~[tomcat-embed-core-10.1.31.jar:10.1.31]
	at org.springframework.web.filter.CharacterEncodingFilter.doFilterInternal(CharacterEncodingFilter.java:201) ~[spring-web-6.1.14.jar:6.1.14]
	at org.springframework.web.filter.OncePerRequestFilter.doFilter(OncePerRequestFilter.java:116) ~[spring-web-6.1.14.jar:6.1.14]
	at org.apache.catalina.core.ApplicationFilterChain.internalDoFilter(ApplicationFilterChain.java:164) ~[tomcat-embed-core-10.1.31.jar:10.1.31]
	at org.apache.catalina.core.ApplicationFilterChain.doFilter(ApplicationFilterChain.java:140) ~[tomcat-embed-core-10.1.31.jar:10.1.31]
	at org.apache.catalina.core.StandardWrapperValve.invoke(StandardWrapperValve.java:167) ~[tomcat-embed-core-10.1.31.jar:10.1.31]
	at org.apache.catalina.core.StandardContextValve.invoke(StandardContextValve.java:90) ~[tomcat-embed-core-10.1.31.jar:10.1.31]
	at org.apache.catalina.authenticator.AuthenticatorBase.invoke(AuthenticatorBase.java:483) ~[tomcat-embed-core-10.1.31.jar:10.1.31]
	at org.apache.catalina.core.StandardHostValve.invoke(StandardHostValve.java:115) ~[tomcat-embed-core-10.1.31.jar:10.1.31]
	at org.apache.catalina.valves.ErrorReportValve.invoke(ErrorReportValve.java:93) ~[tomcat-embed-core-10.1.31.jar:10.1.31]
	at org.apache.catalina.core.StandardEngineValve.invoke(StandardEngineValve.java:74) ~[tomcat-embed-core-10.1.31.jar:10.1.31]
	at org.apache.catalina.connector.CoyoteAdapter.service(CoyoteAdapter.java:344) ~[tomcat-embed-core-10.1.31.jar:10.1.31]
	at org.apache.coyote.http11.Http11Processor.service(Http11Processor.java:384) ~[tomcat-embed-core-10.1.31.jar:10.1.31]
	at org.apache.coyote.AbstractProcessorLight.process(AbstractProcessorLight.java:63) ~[tomcat-embed-core-10.1.31.jar:10.1.31]
	at org.apache.coyote.AbstractProtocol$ConnectionHandler.process(AbstractProtocol.java:905) ~[tomcat-embed-core-10.1.31.jar:10.1.31]
	at org.apache.tomcat.util.net.NioEndpoint$SocketProcessor.doRun(NioEndpoint.java:1741) ~[tomcat-embed-core-10.1.31.jar:10.1.31]
	at org.apache.tomcat.util.net.SocketProcessorBase.run(SocketProcessorBase.java:52) ~[tomcat-embed-core-10.1.31.jar:10.1.31]
	at org.apache.tomcat.util.threads.ThreadPoolExecutor.runWorker(ThreadPoolExecutor.java:1190) ~[tomcat-embed-core-10.1.31.jar:10.1.31]
	at org.apache.tomcat.util.threads.ThreadPoolExecutor$Worker.run(ThreadPoolExecutor.java:659) ~[tomcat-embed-core-10.1.31.jar:10.1.31]
	at org.apache.tomcat.util.threads.TaskThread$WrappingRunnable.run(TaskThread.java:63) ~[tomcat-embed-core-10.1.31.jar:10.1.31]
	at java.base/java.lang.Thread.run(Thread.java:1583) ~[na:na]

2025-05-28T14:28:01.979+03:00 appender 14100 --- [http-nio-8081-exec-8] c.e.u.FileUploadRestController           : start POST request
2025-05-28T14:28:01.983+03:00 appender 14100 --- [http-nio-8081-exec-8] c.e.u.FileUploadRestController           : 1.******* start proceed file: wb-gi-108241511.xlsx size: 15715
2025-05-28T14:28:01.986+03:00 appender 14100 --- [http-nio-8081-exec-8] c.e.u.FileUploadRestController           : 1.1.******* Service created
2025-05-28T14:28:12.869+03:00 appender 14100 --- [http-nio-8081-exec-5] c.e.u.FileUploadRestController           : start POST request
2025-05-28T14:28:12.869+03:00 appender 14100 --- [http-nio-8081-exec-5] c.e.u.FileUploadRestController           : 1.******* start proceed file: wb-gi-108241588.xlsx size: 15715
2025-05-28T14:28:12.869+03:00 appender 14100 --- [http-nio-8081-exec-5] c.e.u.FileUploadRestController           : 1.1.******* Service created
2025-05-28T14:31:20.930+03:00 appender 20136 --- [main] c.e.u.StickersCreateApplication          : Starting StickersCreateApplication using Java 21.0.2 with PID 20136 (D:\rpo\java\Stickers2\target\classes started by 8_kovalenko_351 in D:\rpo\java\Stickers2)
2025-05-28T14:31:20.934+03:00 appender 20136 --- [main] c.e.u.StickersCreateApplication          : No active profile set, falling back to 1 default profile: "default"
2025-05-28T14:31:23.320+03:00 appender 20136 --- [main] o.s.b.w.embedded.tomcat.TomcatWebServer  : Tomcat initialized with port 8081 (http)
2025-05-28T14:31:23.358+03:00 appender 20136 --- [main] o.apache.catalina.core.StandardService   : Starting service [Tomcat]
2025-05-28T14:31:23.361+03:00 appender 20136 --- [main] o.apache.catalina.core.StandardEngine    : Starting Servlet engine: [Apache Tomcat/10.1.31]
2025-05-28T14:31:23.776+03:00 appender 20136 --- [main] o.a.c.c.C.[Tomcat].[localhost].[/]       : Initializing Spring embedded WebApplicationContext
2025-05-28T14:31:23.778+03:00 appender 20136 --- [main] w.s.c.ServletWebServerApplicationContext : Root WebApplicationContext: initialization completed in 2716 ms
2025-05-28T14:31:29.389+03:00 appender 20136 --- [main] o.s.b.a.e.web.EndpointLinksResolver      : Exposing 1 endpoint beneath base path '/actuator'
2025-05-28T14:31:29.508+03:00 appender 20136 --- [main] o.s.b.w.embedded.tomcat.TomcatWebServer  : Tomcat started on port 8081 (http) with context path '/'
2025-05-28T14:31:29.529+03:00 appender 20136 --- [main] c.e.u.StickersCreateApplication          : Started StickersCreateApplication in 9.627 seconds (process running for 11.254)
2025-05-28T14:31:29.537+03:00 appender 20136 --- [main] c.e.u.services.WbProductsService         : Trying to fetch products from API: http://localhost:8080/api/wb/all-cards-mapped-short
2025-05-28T14:31:31.240+03:00 appender 20136 --- [main] c.e.u.services.WbProductsService         : Products data saved to wb_products_backup.json
2025-05-28T14:31:31.250+03:00 appender 20136 --- [main] c.e.u.services.WbProductsService         : Successfully fetched 88413 products from API
2025-05-28T14:31:31.255+03:00 appender 20136 --- [main] c.e.u.FileUploadRestController           : Successfully loaded 88413 products on startup
2025-05-28T14:32:25.507+03:00 appender 20136 --- [http-nio-8081-exec-2] o.a.c.c.C.[Tomcat].[localhost].[/]       : Initializing Spring DispatcherServlet 'dispatcherServlet'
2025-05-28T14:32:25.530+03:00 appender 20136 --- [http-nio-8081-exec-2] o.s.web.servlet.DispatcherServlet        : Initializing Servlet 'dispatcherServlet'
2025-05-28T14:32:25.543+03:00 appender 20136 --- [http-nio-8081-exec-2] o.s.web.servlet.DispatcherServlet        : Completed initialization in 8 ms
2025-05-28T14:32:25.827+03:00 appender 20136 --- [http-nio-8081-exec-1] c.e.u.FileUploadRestController           : Total files found: 0
2025-05-28T14:32:25.839+03:00 appender 20136 --- [http-nio-8081-exec-1] o.a.c.c.C.[.[.[/].[dispatcherServlet]    : Servlet.service() for servlet [dispatcherServlet] in context with path [] threw exception [Request processing failed: java.lang.NullPointerException: Cannot invoke "java.util.HashMap.keySet()" because the return value of "com.example.uploadingfiles.ReferenceFileSingleton.getBrandHash()" is null] with root cause

java.lang.NullPointerException: Cannot invoke "java.util.HashMap.keySet()" because the return value of "com.example.uploadingfiles.ReferenceFileSingleton.getBrandHash()" is null
	at com.example.uploadingfiles.FileUploadRestController.listUploadedFiles(FileUploadRestController.java:91) ~[classes/:na]
	at java.base/jdk.internal.reflect.DirectMethodHandleAccessor.invoke(DirectMethodHandleAccessor.java:103) ~[na:na]
	at java.base/java.lang.reflect.Method.invoke(Method.java:580) ~[na:na]
	at org.springframework.web.method.support.InvocableHandlerMethod.doInvoke(InvocableHandlerMethod.java:255) ~[spring-web-6.1.14.jar:6.1.14]
	at org.springframework.web.method.support.InvocableHandlerMethod.invokeForRequest(InvocableHandlerMethod.java:188) ~[spring-web-6.1.14.jar:6.1.14]
	at org.springframework.web.servlet.mvc.method.annotation.ServletInvocableHandlerMethod.invokeAndHandle(ServletInvocableHandlerMethod.java:118) ~[spring-webmvc-6.1.14.jar:6.1.14]
	at org.springframework.web.servlet.mvc.method.annotation.RequestMappingHandlerAdapter.invokeHandlerMethod(RequestMappingHandlerAdapter.java:926) ~[spring-webmvc-6.1.14.jar:6.1.14]
	at org.springframework.web.servlet.mvc.method.annotation.RequestMappingHandlerAdapter.handleInternal(RequestMappingHandlerAdapter.java:831) ~[spring-webmvc-6.1.14.jar:6.1.14]
	at org.springframework.web.servlet.mvc.method.AbstractHandlerMethodAdapter.handle(AbstractHandlerMethodAdapter.java:87) ~[spring-webmvc-6.1.14.jar:6.1.14]
	at org.springframework.web.servlet.DispatcherServlet.doDispatch(DispatcherServlet.java:1089) ~[spring-webmvc-6.1.14.jar:6.1.14]
	at org.springframework.web.servlet.DispatcherServlet.doService(DispatcherServlet.java:979) ~[spring-webmvc-6.1.14.jar:6.1.14]
	at org.springframework.web.servlet.FrameworkServlet.processRequest(FrameworkServlet.java:1014) ~[spring-webmvc-6.1.14.jar:6.1.14]
	at org.springframework.web.servlet.FrameworkServlet.doGet(FrameworkServlet.java:903) ~[spring-webmvc-6.1.14.jar:6.1.14]
	at jakarta.servlet.http.HttpServlet.service(HttpServlet.java:564) ~[tomcat-embed-core-10.1.31.jar:6.0]
	at org.springframework.web.servlet.FrameworkServlet.service(FrameworkServlet.java:885) ~[spring-webmvc-6.1.14.jar:6.1.14]
	at jakarta.servlet.http.HttpServlet.service(HttpServlet.java:658) ~[tomcat-embed-core-10.1.31.jar:6.0]
	at org.apache.catalina.core.ApplicationFilterChain.internalDoFilter(ApplicationFilterChain.java:195) ~[tomcat-embed-core-10.1.31.jar:10.1.31]
	at org.apache.catalina.core.ApplicationFilterChain.doFilter(ApplicationFilterChain.java:140) ~[tomcat-embed-core-10.1.31.jar:10.1.31]
	at org.apache.tomcat.websocket.server.WsFilter.doFilter(WsFilter.java:51) ~[tomcat-embed-websocket-10.1.31.jar:10.1.31]
	at org.apache.catalina.core.ApplicationFilterChain.internalDoFilter(ApplicationFilterChain.java:164) ~[tomcat-embed-core-10.1.31.jar:10.1.31]
	at org.apache.catalina.core.ApplicationFilterChain.doFilter(ApplicationFilterChain.java:140) ~[tomcat-embed-core-10.1.31.jar:10.1.31]
	at org.springframework.web.filter.ServerHttpObservationFilter.doFilterInternal(ServerHttpObservationFilter.java:113) ~[spring-web-6.1.14.jar:6.1.14]
	at org.springframework.web.filter.OncePerRequestFilter.doFilter(OncePerRequestFilter.java:116) ~[spring-web-6.1.14.jar:6.1.14]
	at org.apache.catalina.core.ApplicationFilterChain.internalDoFilter(ApplicationFilterChain.java:164) ~[tomcat-embed-core-10.1.31.jar:10.1.31]
	at org.apache.catalina.core.ApplicationFilterChain.doFilter(ApplicationFilterChain.java:140) ~[tomcat-embed-core-10.1.31.jar:10.1.31]
	at org.springframework.web.filter.CharacterEncodingFilter.doFilterInternal(CharacterEncodingFilter.java:201) ~[spring-web-6.1.14.jar:6.1.14]
	at org.springframework.web.filter.OncePerRequestFilter.doFilter(OncePerRequestFilter.java:116) ~[spring-web-6.1.14.jar:6.1.14]
	at org.apache.catalina.core.ApplicationFilterChain.internalDoFilter(ApplicationFilterChain.java:164) ~[tomcat-embed-core-10.1.31.jar:10.1.31]
	at org.apache.catalina.core.ApplicationFilterChain.doFilter(ApplicationFilterChain.java:140) ~[tomcat-embed-core-10.1.31.jar:10.1.31]
	at org.apache.catalina.core.StandardWrapperValve.invoke(StandardWrapperValve.java:167) ~[tomcat-embed-core-10.1.31.jar:10.1.31]
	at org.apache.catalina.core.StandardContextValve.invoke(StandardContextValve.java:90) ~[tomcat-embed-core-10.1.31.jar:10.1.31]
	at org.apache.catalina.authenticator.AuthenticatorBase.invoke(AuthenticatorBase.java:483) ~[tomcat-embed-core-10.1.31.jar:10.1.31]
	at org.apache.catalina.core.StandardHostValve.invoke(StandardHostValve.java:115) ~[tomcat-embed-core-10.1.31.jar:10.1.31]
	at org.apache.catalina.valves.ErrorReportValve.invoke(ErrorReportValve.java:93) ~[tomcat-embed-core-10.1.31.jar:10.1.31]
	at org.apache.catalina.core.StandardEngineValve.invoke(StandardEngineValve.java:74) ~[tomcat-embed-core-10.1.31.jar:10.1.31]
	at org.apache.catalina.connector.CoyoteAdapter.service(CoyoteAdapter.java:344) ~[tomcat-embed-core-10.1.31.jar:10.1.31]
	at org.apache.coyote.http11.Http11Processor.service(Http11Processor.java:384) ~[tomcat-embed-core-10.1.31.jar:10.1.31]
	at org.apache.coyote.AbstractProcessorLight.process(AbstractProcessorLight.java:63) ~[tomcat-embed-core-10.1.31.jar:10.1.31]
	at org.apache.coyote.AbstractProtocol$ConnectionHandler.process(AbstractProtocol.java:905) ~[tomcat-embed-core-10.1.31.jar:10.1.31]
	at org.apache.tomcat.util.net.NioEndpoint$SocketProcessor.doRun(NioEndpoint.java:1741) ~[tomcat-embed-core-10.1.31.jar:10.1.31]
	at org.apache.tomcat.util.net.SocketProcessorBase.run(SocketProcessorBase.java:52) ~[tomcat-embed-core-10.1.31.jar:10.1.31]
	at org.apache.tomcat.util.threads.ThreadPoolExecutor.runWorker(ThreadPoolExecutor.java:1190) ~[tomcat-embed-core-10.1.31.jar:10.1.31]
	at org.apache.tomcat.util.threads.ThreadPoolExecutor$Worker.run(ThreadPoolExecutor.java:659) ~[tomcat-embed-core-10.1.31.jar:10.1.31]
	at org.apache.tomcat.util.threads.TaskThread$WrappingRunnable.run(TaskThread.java:63) ~[tomcat-embed-core-10.1.31.jar:10.1.31]
	at java.base/java.lang.Thread.run(Thread.java:1583) ~[na:na]

2025-05-28T14:51:04.181+03:00 appender 15996 --- [main] c.e.u.StickersCreateApplication          : Starting StickersCreateApplication using Java 21.0.2 with PID 15996 (D:\rpo\java\Stickers2\target\classes started by 8_kovalenko_351 in D:\rpo\java\Stickers2)
2025-05-28T14:51:04.187+03:00 appender 15996 --- [main] c.e.u.StickersCreateApplication          : No active profile set, falling back to 1 default profile: "default"
2025-05-28T14:51:06.594+03:00 appender 15996 --- [main] o.s.b.w.embedded.tomcat.TomcatWebServer  : Tomcat initialized with port 8081 (http)
2025-05-28T14:51:06.639+03:00 appender 15996 --- [main] o.apache.catalina.core.StandardService   : Starting service [Tomcat]
2025-05-28T14:51:06.653+03:00 appender 15996 --- [main] o.apache.catalina.core.StandardEngine    : Starting Servlet engine: [Apache Tomcat/10.1.31]
2025-05-28T14:51:06.990+03:00 appender 15996 --- [main] o.a.c.c.C.[Tomcat].[localhost].[/]       : Initializing Spring embedded WebApplicationContext
2025-05-28T14:51:06.990+03:00 appender 15996 --- [main] w.s.c.ServletWebServerApplicationContext : Root WebApplicationContext: initialization completed in 2630 ms
2025-05-28T14:51:08.267+03:00 appender 15996 --- [main] o.s.b.a.e.web.EndpointLinksResolver      : Exposing 1 endpoint beneath base path '/actuator'
2025-05-28T14:51:08.387+03:00 appender 15996 --- [main] o.s.b.w.embedded.tomcat.TomcatWebServer  : Tomcat started on port 8081 (http) with context path '/'
2025-05-28T14:51:08.423+03:00 appender 15996 --- [main] c.e.u.StickersCreateApplication          : Started StickersCreateApplication in 4.863 seconds (process running for 6.57)
2025-05-28T14:51:08.437+03:00 appender 15996 --- [main] c.e.u.services.WbProductsService         : Trying to fetch products from API: http://localhost:8080/api/wb/all-cards-mapped-short
2025-05-28T14:51:10.300+03:00 appender 15996 --- [main] c.e.u.services.WbProductsService         : Products data saved to wb_products_backup.json
2025-05-28T14:51:16.462+03:00 appender 15996 --- [main] c.e.u.services.WbProductsService         : HashMaps populated: 88413 barcodes and 88413 brands stored
2025-05-28T14:51:16.469+03:00 appender 15996 --- [main] c.e.u.services.WbProductsService         : Successfully fetched 88413 products from API
2025-05-28T14:51:16.471+03:00 appender 15996 --- [main] c.e.u.FileUploadRestController           : Successfully loaded 88413 products on startup
2025-05-28T14:51:49.009+03:00 appender 15996 --- [http-nio-8081-exec-1] o.a.c.c.C.[Tomcat].[localhost].[/]       : Initializing Spring DispatcherServlet 'dispatcherServlet'
2025-05-28T14:51:49.009+03:00 appender 15996 --- [http-nio-8081-exec-1] o.s.web.servlet.DispatcherServlet        : Initializing Servlet 'dispatcherServlet'
2025-05-28T14:51:49.025+03:00 appender 15996 --- [http-nio-8081-exec-1] o.s.web.servlet.DispatcherServlet        : Completed initialization in 1 ms
2025-05-28T14:51:49.232+03:00 appender 15996 --- [http-nio-8081-exec-3] c.e.u.FileUploadRestController           : Total files found: 0
2025-05-28T15:03:37.023+03:00 appender 14084 --- [main] c.e.u.StickersCreateApplication          : Starting StickersCreateApplication using Java 21.0.2 with PID 14084 (D:\rpo\java\Stickers2\target\classes started by 8_kovalenko_351 in D:\rpo\java\Stickers2)
2025-05-28T15:03:37.033+03:00 appender 14084 --- [main] c.e.u.StickersCreateApplication          : No active profile set, falling back to 1 default profile: "default"
2025-05-28T15:03:40.184+03:00 appender 14084 --- [main] o.s.b.w.embedded.tomcat.TomcatWebServer  : Tomcat initialized with port 8081 (http)
2025-05-28T15:03:40.208+03:00 appender 14084 --- [main] o.apache.catalina.core.StandardService   : Starting service [Tomcat]
2025-05-28T15:03:40.209+03:00 appender 14084 --- [main] o.apache.catalina.core.StandardEngine    : Starting Servlet engine: [Apache Tomcat/10.1.31]
2025-05-28T15:03:40.315+03:00 appender 14084 --- [main] o.a.c.c.C.[Tomcat].[localhost].[/]       : Initializing Spring embedded WebApplicationContext
2025-05-28T15:03:40.316+03:00 appender 14084 --- [main] w.s.c.ServletWebServerApplicationContext : Root WebApplicationContext: initialization completed in 3111 ms
2025-05-28T15:03:40.508+03:00 appender 14084 --- [main] ConfigServletWebServerApplicationContext : Exception encountered during context initialization - cancelling refresh attempt: org.springframework.beans.factory.BeanCreationException: Error creating bean with name 'fileUploadRestController' defined in file [D:\rpo\java\Stickers2\target\classes\com\example\uploadingfiles\FileUploadRestController.class]: 'fileUploadRestController' depends on missing bean 'referenceFileSingleton'
2025-05-28T15:03:40.514+03:00 appender 14084 --- [main] o.apache.catalina.core.StandardService   : Stopping service [Tomcat]
2025-05-28T15:03:40.546+03:00 appender 14084 --- [main] .s.b.a.l.ConditionEvaluationReportLogger : 

Error starting ApplicationContext. To display the condition evaluation report re-run your application with 'debug' enabled.
2025-05-28T15:03:40.575+03:00 appender 14084 --- [main] o.s.b.d.LoggingFailureAnalysisReporter   : 

***************************
APPLICATION FAILED TO START
***************************

Description:

A component required a bean named 'referenceFileSingleton' that could not be found.


Action:

Consider defining a bean named 'referenceFileSingleton' in your configuration.

2025-05-28T15:04:40.505+03:00 appender 7860 --- [main] c.e.u.StickersCreateApplication          : Starting StickersCreateApplication using Java 21.0.2 with PID 7860 (D:\rpo\java\Stickers2\target\classes started by 8_kovalenko_351 in D:\rpo\java\Stickers2)
2025-05-28T15:04:40.523+03:00 appender 7860 --- [main] c.e.u.StickersCreateApplication          : No active profile set, falling back to 1 default profile: "default"
2025-05-28T15:04:43.113+03:00 appender 7860 --- [main] o.s.b.w.embedded.tomcat.TomcatWebServer  : Tomcat initialized with port 8081 (http)
2025-05-28T15:04:43.169+03:00 appender 7860 --- [main] o.apache.catalina.core.StandardService   : Starting service [Tomcat]
2025-05-28T15:04:43.171+03:00 appender 7860 --- [main] o.apache.catalina.core.StandardEngine    : Starting Servlet engine: [Apache Tomcat/10.1.31]
2025-05-28T15:04:43.389+03:00 appender 7860 --- [main] o.a.c.c.C.[Tomcat].[localhost].[/]       : Initializing Spring embedded WebApplicationContext
2025-05-28T15:04:43.391+03:00 appender 7860 --- [main] w.s.c.ServletWebServerApplicationContext : Root WebApplicationContext: initialization completed in 2726 ms
2025-05-28T15:04:44.787+03:00 appender 7860 --- [main] o.s.b.a.e.web.EndpointLinksResolver      : Exposing 1 endpoint beneath base path '/actuator'
2025-05-28T15:04:44.921+03:00 appender 7860 --- [main] o.s.b.w.embedded.tomcat.TomcatWebServer  : Tomcat started on port 8081 (http) with context path '/'
2025-05-28T15:04:44.954+03:00 appender 7860 --- [main] c.e.u.StickersCreateApplication          : Started StickersCreateApplication in 4.991 seconds (process running for 6.929)
2025-05-28T15:04:44.965+03:00 appender 7860 --- [main] c.e.u.services.WbProductsService         : Trying to fetch products from API: http://localhost:8080/api/wb/all-cards-mapped-short
2025-05-28T15:04:46.930+03:00 appender 7860 --- [main] c.e.u.services.WbProductsService         : Products data saved to wb_products_backup.json
2025-05-28T15:04:47.100+03:00 appender 7860 --- [main] c.e.u.services.WbProductsService         : HashMaps populated: 88413 barcodes and 88413 brands stored
2025-05-28T15:04:47.103+03:00 appender 7860 --- [main] c.e.u.services.WbProductsService         : Successfully fetched 88413 products from API
2025-05-28T15:04:47.107+03:00 appender 7860 --- [main] c.e.u.FileUploadRestController           : Successfully loaded 88413 products on startup
2025-05-28T15:04:56.706+03:00 appender 7860 --- [http-nio-8081-exec-1] o.a.c.c.C.[Tomcat].[localhost].[/]       : Initializing Spring DispatcherServlet 'dispatcherServlet'
2025-05-28T15:04:56.708+03:00 appender 7860 --- [http-nio-8081-exec-1] o.s.web.servlet.DispatcherServlet        : Initializing Servlet 'dispatcherServlet'
2025-05-28T15:04:56.713+03:00 appender 7860 --- [http-nio-8081-exec-1] o.s.web.servlet.DispatcherServlet        : Completed initialization in 5 ms
2025-05-28T15:04:56.967+03:00 appender 7860 --- [http-nio-8081-exec-2] c.e.u.FileUploadRestController           : Total files found: 0
2025-05-28T15:05:03.572+03:00 appender 7860 --- [http-nio-8081-exec-4] c.e.u.FileUploadRestController           : start POST request
2025-05-28T15:05:03.576+03:00 appender 7860 --- [http-nio-8081-exec-4] c.e.u.FileUploadRestController           : 1.******* start proceed file: wb-gi-108241566.xlsx size: 15715
2025-05-28T15:05:03.577+03:00 appender 7860 --- [http-nio-8081-exec-4] c.e.u.FileUploadRestController           : 1.1.******* Service created
2025-05-28T15:05:05.672+03:00 appender 7860 --- [http-nio-8081-exec-4] c.e.uploadingfiles.ExcelReadService      : Обработан файл заказа wb-gi-108241566.xlsx за 2.0571052 сек.
2025-05-28T15:05:05.857+03:00 appender 7860 --- [http-nio-8081-exec-4] c.e.uploadingfiles.StickersService       : ******************начало обработки списка на 69 элементов*****************
2025-05-28T15:05:05.860+03:00 appender 7860 --- [http-nio-8081-exec-4] c.e.uploadingfiles.StickersService       : hashResult не соответствует регулярному выражению: 
2025-05-28T15:05:05.861+03:00 appender 7860 --- [http-nio-8081-exec-4] c.e.uploadingfiles.StickersService       : hashResult не соответствует регулярному выражению: 
2025-05-28T15:05:05.861+03:00 appender 7860 --- [http-nio-8081-exec-4] c.e.uploadingfiles.StickersService       : hashResult не соответствует регулярному выражению: 
2025-05-28T15:05:05.861+03:00 appender 7860 --- [http-nio-8081-exec-4] c.e.uploadingfiles.StickersService       : hashResult не соответствует регулярному выражению: 
2025-05-28T15:05:05.865+03:00 appender 7860 --- [http-nio-8081-exec-4] c.e.uploadingfiles.StickersService       : hashResult не соответствует регулярному выражению: 
2025-05-28T15:05:05.867+03:00 appender 7860 --- [http-nio-8081-exec-4] c.e.uploadingfiles.StickersService       : hashResult не соответствует регулярному выражению: 
2025-05-28T15:05:05.871+03:00 appender 7860 --- [http-nio-8081-exec-4] c.e.uploadingfiles.StickersService       : hashResult не соответствует регулярному выражению: 
2025-05-28T15:05:05.889+03:00 appender 7860 --- [http-nio-8081-exec-4] c.e.uploadingfiles.StickersService       : hashResult не соответствует регулярному выражению: 
2025-05-28T15:05:05.900+03:00 appender 7860 --- [http-nio-8081-exec-4] c.e.uploadingfiles.StickersService       : hashResult не соответствует регулярному выражению: 
2025-05-28T15:05:05.904+03:00 appender 7860 --- [http-nio-8081-exec-4] c.e.uploadingfiles.StickersService       : hashResult не соответствует регулярному выражению: 
2025-05-28T15:05:05.904+03:00 appender 7860 --- [http-nio-8081-exec-4] c.e.uploadingfiles.StickersService       : hashResult не соответствует регулярному выражению: 
2025-05-28T15:05:05.906+03:00 appender 7860 --- [http-nio-8081-exec-4] c.e.uploadingfiles.StickersService       : hashResult не соответствует регулярному выражению: 
2025-05-28T15:05:05.906+03:00 appender 7860 --- [http-nio-8081-exec-4] c.e.uploadingfiles.StickersService       : hashResult не соответствует регулярному выражению: 
2025-05-28T15:05:05.908+03:00 appender 7860 --- [http-nio-8081-exec-4] c.e.uploadingfiles.StickersService       : hashResult не соответствует регулярному выражению: 
2025-05-28T15:05:05.915+03:00 appender 7860 --- [http-nio-8081-exec-4] c.e.uploadingfiles.StickersService       : hashResult не соответствует регулярному выражению: 
2025-05-28T15:05:05.917+03:00 appender 7860 --- [http-nio-8081-exec-4] c.e.uploadingfiles.StickersService       : hashResult не соответствует регулярному выражению: 
2025-05-28T15:05:05.919+03:00 appender 7860 --- [http-nio-8081-exec-4] c.e.uploadingfiles.StickersService       : hashResult не соответствует регулярному выражению: 
2025-05-28T15:05:05.921+03:00 appender 7860 --- [http-nio-8081-exec-4] c.e.uploadingfiles.StickersService       : hashResult не соответствует регулярному выражению: 
2025-05-28T15:05:05.921+03:00 appender 7860 --- [http-nio-8081-exec-4] c.e.uploadingfiles.StickersService       : hashResult не соответствует регулярному выражению: 
2025-05-28T15:05:05.923+03:00 appender 7860 --- [http-nio-8081-exec-4] c.e.uploadingfiles.StickersService       : hashResult не соответствует регулярному выражению: 
2025-05-28T15:05:05.923+03:00 appender 7860 --- [http-nio-8081-exec-4] c.e.uploadingfiles.StickersService       : hashResult не соответствует регулярному выражению: 
2025-05-28T15:05:05.923+03:00 appender 7860 --- [http-nio-8081-exec-4] c.e.uploadingfiles.StickersService       : hashResult не соответствует регулярному выражению: 
2025-05-28T15:05:05.925+03:00 appender 7860 --- [http-nio-8081-exec-4] c.e.uploadingfiles.StickersService       : hashResult не соответствует регулярному выражению: 
2025-05-28T15:05:05.925+03:00 appender 7860 --- [http-nio-8081-exec-4] c.e.uploadingfiles.StickersService       : hashResult не соответствует регулярному выражению: 
2025-05-28T15:05:05.928+03:00 appender 7860 --- [http-nio-8081-exec-4] c.e.uploadingfiles.StickersService       : hashResult не соответствует регулярному выражению: 
2025-05-28T15:05:05.930+03:00 appender 7860 --- [http-nio-8081-exec-4] c.e.uploadingfiles.StickersService       : hashResult не соответствует регулярному выражению: 
2025-05-28T15:05:05.932+03:00 appender 7860 --- [http-nio-8081-exec-4] c.e.uploadingfiles.StickersService       : hashResult не соответствует регулярному выражению: 
2025-05-28T15:05:05.932+03:00 appender 7860 --- [http-nio-8081-exec-4] c.e.uploadingfiles.StickersService       : hashResult не соответствует регулярному выражению: 
2025-05-28T15:05:05.932+03:00 appender 7860 --- [http-nio-8081-exec-4] c.e.uploadingfiles.StickersService       : hashResult не соответствует регулярному выражению: 
2025-05-28T15:05:05.932+03:00 appender 7860 --- [http-nio-8081-exec-4] c.e.uploadingfiles.StickersService       : hashResult не соответствует регулярному выражению: 
2025-05-28T15:05:05.932+03:00 appender 7860 --- [http-nio-8081-exec-4] c.e.uploadingfiles.StickersService       : hashResult не соответствует регулярному выражению: 
2025-05-28T15:05:05.932+03:00 appender 7860 --- [http-nio-8081-exec-4] c.e.uploadingfiles.StickersService       : hashResult не соответствует регулярному выражению: 
2025-05-28T15:05:05.934+03:00 appender 7860 --- [http-nio-8081-exec-4] c.e.uploadingfiles.StickersService       : hashResult не соответствует регулярному выражению: 
2025-05-28T15:05:05.934+03:00 appender 7860 --- [http-nio-8081-exec-4] c.e.uploadingfiles.StickersService       : hashResult не соответствует регулярному выражению: 
2025-05-28T15:05:05.934+03:00 appender 7860 --- [http-nio-8081-exec-4] c.e.uploadingfiles.StickersService       : hashResult не соответствует регулярному выражению: 
2025-05-28T15:05:07.788+03:00 appender 7860 --- [http-nio-8081-exec-4] c.e.uploadingfiles.StickersService       : hashResult не соответствует регулярному выражению: 
2025-05-28T15:05:07.791+03:00 appender 7860 --- [http-nio-8081-exec-4] c.e.uploadingfiles.StickersService       : hashResult не соответствует регулярному выражению: 
2025-05-28T15:05:07.791+03:00 appender 7860 --- [http-nio-8081-exec-4] c.e.uploadingfiles.StickersService       : hashResult не соответствует регулярному выражению: 
2025-05-28T15:05:07.791+03:00 appender 7860 --- [http-nio-8081-exec-4] c.e.uploadingfiles.StickersService       : hashResult не соответствует регулярному выражению: 
2025-05-28T15:05:07.793+03:00 appender 7860 --- [http-nio-8081-exec-4] c.e.uploadingfiles.StickersService       : hashResult не соответствует регулярному выражению: 
2025-05-28T15:05:07.802+03:00 appender 7860 --- [http-nio-8081-exec-4] c.e.uploadingfiles.StickersService       : hashResult не соответствует регулярному выражению: 
2025-05-28T15:05:07.803+03:00 appender 7860 --- [http-nio-8081-exec-4] c.e.uploadingfiles.StickersService       : hashResult не соответствует регулярному выражению: 
2025-05-28T15:05:07.803+03:00 appender 7860 --- [http-nio-8081-exec-4] c.e.uploadingfiles.StickersService       : hashResult не соответствует регулярному выражению: 
2025-05-28T15:05:08.447+03:00 appender 7860 --- [http-nio-8081-exec-4] c.e.uploadingfiles.StickersService       : hashResult не соответствует регулярному выражению: 
2025-05-28T15:05:11.131+03:00 appender 7860 --- [http-nio-8081-exec-4] c.e.uploadingfiles.StickersService       : hashResult не соответствует регулярному выражению: 
2025-05-28T15:05:11.131+03:00 appender 7860 --- [http-nio-8081-exec-4] c.e.uploadingfiles.StickersService       : hashResult не соответствует регулярному выражению: 
2025-05-28T15:05:11.131+03:00 appender 7860 --- [http-nio-8081-exec-4] c.e.uploadingfiles.StickersService       : hashResult не соответствует регулярному выражению: 
2025-05-28T15:05:11.131+03:00 appender 7860 --- [http-nio-8081-exec-4] c.e.uploadingfiles.StickersService       : hashResult не соответствует регулярному выражению: 
2025-05-28T15:05:11.131+03:00 appender 7860 --- [http-nio-8081-exec-4] c.e.uploadingfiles.StickersService       : hashResult не соответствует регулярному выражению: 
2025-05-28T15:05:11.131+03:00 appender 7860 --- [http-nio-8081-exec-4] c.e.uploadingfiles.StickersService       : hashResult не соответствует регулярному выражению: 
2025-05-28T15:05:11.689+03:00 appender 7860 --- [http-nio-8081-exec-6] c.e.u.FileUploadRestController           : Mapped file wb-gi-108241566.pdf to URL: http://127.0.0.1:8081/api/files/wb-gi-108241566.pdf
2025-05-28T15:05:11.696+03:00 appender 7860 --- [http-nio-8081-exec-6] c.e.u.FileUploadRestController           : Total files found: 1
2025-05-28T15:06:42.272+03:00 appender 7860 --- [http-nio-8081-exec-3] c.e.u.FileUploadRestController           : start POST request
2025-05-28T15:06:42.273+03:00 appender 7860 --- [http-nio-8081-exec-3] c.e.u.FileUploadRestController           : 1.******* start proceed file: wb-gi-108241588.xlsx size: 15715
2025-05-28T15:06:42.274+03:00 appender 7860 --- [http-nio-8081-exec-3] c.e.u.FileUploadRestController           : 1.1.******* Service created
2025-05-28T15:06:42.399+03:00 appender 7860 --- [http-nio-8081-exec-3] c.e.uploadingfiles.ExcelReadService      : Обработан файл заказа wb-gi-108241588.xlsx за 0.1253396 сек.
2025-05-28T15:06:42.403+03:00 appender 7860 --- [http-nio-8081-exec-3] c.e.uploadingfiles.StickersService       : ******************начало обработки списка на 69 элементов*****************
2025-05-28T15:06:42.405+03:00 appender 7860 --- [http-nio-8081-exec-3] c.e.uploadingfiles.StickersService       : hashResult не соответствует регулярному выражению: 
2025-05-28T15:06:42.407+03:00 appender 7860 --- [http-nio-8081-exec-3] c.e.uploadingfiles.StickersService       : hashResult не соответствует регулярному выражению: 
2025-05-28T15:06:42.413+03:00 appender 7860 --- [http-nio-8081-exec-3] c.e.uploadingfiles.StickersService       : hashResult не соответствует регулярному выражению: 
2025-05-28T15:06:42.416+03:00 appender 7860 --- [http-nio-8081-exec-3] c.e.uploadingfiles.StickersService       : hashResult не соответствует регулярному выражению: 
2025-05-28T15:06:42.417+03:00 appender 7860 --- [http-nio-8081-exec-3] c.e.uploadingfiles.StickersService       : hashResult не соответствует регулярному выражению: 
2025-05-28T15:06:42.418+03:00 appender 7860 --- [http-nio-8081-exec-3] c.e.uploadingfiles.StickersService       : hashResult не соответствует регулярному выражению: 
2025-05-28T15:06:42.421+03:00 appender 7860 --- [http-nio-8081-exec-3] c.e.uploadingfiles.StickersService       : hashResult не соответствует регулярному выражению: 
2025-05-28T15:06:42.422+03:00 appender 7860 --- [http-nio-8081-exec-3] c.e.uploadingfiles.StickersService       : hashResult не соответствует регулярному выражению: 
2025-05-28T15:06:42.425+03:00 appender 7860 --- [http-nio-8081-exec-3] c.e.uploadingfiles.StickersService       : hashResult не соответствует регулярному выражению: 
2025-05-28T15:06:42.429+03:00 appender 7860 --- [http-nio-8081-exec-3] c.e.uploadingfiles.StickersService       : hashResult не соответствует регулярному выражению: 
2025-05-28T15:06:42.433+03:00 appender 7860 --- [http-nio-8081-exec-3] c.e.uploadingfiles.StickersService       : hashResult не соответствует регулярному выражению: 
2025-05-28T15:06:42.439+03:00 appender 7860 --- [http-nio-8081-exec-3] c.e.uploadingfiles.StickersService       : hashResult не соответствует регулярному выражению: 
2025-05-28T15:06:42.441+03:00 appender 7860 --- [http-nio-8081-exec-3] c.e.uploadingfiles.StickersService       : hashResult не соответствует регулярному выражению: 
2025-05-28T15:06:42.444+03:00 appender 7860 --- [http-nio-8081-exec-3] c.e.uploadingfiles.StickersService       : hashResult не соответствует регулярному выражению: 
2025-05-28T15:06:42.446+03:00 appender 7860 --- [http-nio-8081-exec-3] c.e.uploadingfiles.StickersService       : hashResult не соответствует регулярному выражению: 
2025-05-28T15:06:42.448+03:00 appender 7860 --- [http-nio-8081-exec-3] c.e.uploadingfiles.StickersService       : hashResult не соответствует регулярному выражению: 
2025-05-28T15:06:42.448+03:00 appender 7860 --- [http-nio-8081-exec-3] c.e.uploadingfiles.StickersService       : hashResult не соответствует регулярному выражению: 
2025-05-28T15:06:42.448+03:00 appender 7860 --- [http-nio-8081-exec-3] c.e.uploadingfiles.StickersService       : hashResult не соответствует регулярному выражению: 
2025-05-28T15:06:42.448+03:00 appender 7860 --- [http-nio-8081-exec-3] c.e.uploadingfiles.StickersService       : hashResult не соответствует регулярному выражению: 
2025-05-28T15:06:42.450+03:00 appender 7860 --- [http-nio-8081-exec-3] c.e.uploadingfiles.StickersService       : hashResult не соответствует регулярному выражению: 
2025-05-28T15:06:42.450+03:00 appender 7860 --- [http-nio-8081-exec-3] c.e.uploadingfiles.StickersService       : hashResult не соответствует регулярному выражению: 
2025-05-28T15:06:42.452+03:00 appender 7860 --- [http-nio-8081-exec-3] c.e.uploadingfiles.StickersService       : hashResult не соответствует регулярному выражению: 
2025-05-28T15:06:42.452+03:00 appender 7860 --- [http-nio-8081-exec-3] c.e.uploadingfiles.StickersService       : hashResult не соответствует регулярному выражению: 
2025-05-28T15:06:42.452+03:00 appender 7860 --- [http-nio-8081-exec-3] c.e.uploadingfiles.StickersService       : hashResult не соответствует регулярному выражению: 
2025-05-28T15:06:42.454+03:00 appender 7860 --- [http-nio-8081-exec-3] c.e.uploadingfiles.StickersService       : hashResult не соответствует регулярному выражению: 
2025-05-28T15:06:42.454+03:00 appender 7860 --- [http-nio-8081-exec-3] c.e.uploadingfiles.StickersService       : hashResult не соответствует регулярному выражению: 
2025-05-28T15:06:42.454+03:00 appender 7860 --- [http-nio-8081-exec-3] c.e.uploadingfiles.StickersService       : hashResult не соответствует регулярному выражению: 
2025-05-28T15:06:42.456+03:00 appender 7860 --- [http-nio-8081-exec-3] c.e.uploadingfiles.StickersService       : hashResult не соответствует регулярному выражению: 
2025-05-28T15:06:42.456+03:00 appender 7860 --- [http-nio-8081-exec-3] c.e.uploadingfiles.StickersService       : hashResult не соответствует регулярному выражению: 
2025-05-28T15:06:42.456+03:00 appender 7860 --- [http-nio-8081-exec-3] c.e.uploadingfiles.StickersService       : hashResult не соответствует регулярному выражению: 
2025-05-28T15:06:42.456+03:00 appender 7860 --- [http-nio-8081-exec-3] c.e.uploadingfiles.StickersService       : hashResult не соответствует регулярному выражению: 
2025-05-28T15:06:42.456+03:00 appender 7860 --- [http-nio-8081-exec-3] c.e.uploadingfiles.StickersService       : hashResult не соответствует регулярному выражению: 
2025-05-28T15:06:42.458+03:00 appender 7860 --- [http-nio-8081-exec-3] c.e.uploadingfiles.StickersService       : hashResult не соответствует регулярному выражению: 
2025-05-28T15:06:42.458+03:00 appender 7860 --- [http-nio-8081-exec-3] c.e.uploadingfiles.StickersService       : hashResult не соответствует регулярному выражению: 
2025-05-28T15:06:42.461+03:00 appender 7860 --- [http-nio-8081-exec-3] c.e.uploadingfiles.StickersService       : hashResult не соответствует регулярному выражению: 
2025-05-28T15:06:43.506+03:00 appender 7860 --- [http-nio-8081-exec-3] c.e.uploadingfiles.StickersService       : hashResult не соответствует регулярному выражению: 
2025-05-28T15:06:43.506+03:00 appender 7860 --- [http-nio-8081-exec-3] c.e.uploadingfiles.StickersService       : hashResult не соответствует регулярному выражению: 
2025-05-28T15:06:43.513+03:00 appender 7860 --- [http-nio-8081-exec-3] c.e.uploadingfiles.StickersService       : hashResult не соответствует регулярному выражению: 
2025-05-28T15:06:43.515+03:00 appender 7860 --- [http-nio-8081-exec-3] c.e.uploadingfiles.StickersService       : hashResult не соответствует регулярному выражению: 
2025-05-28T15:06:43.515+03:00 appender 7860 --- [http-nio-8081-exec-3] c.e.uploadingfiles.StickersService       : hashResult не соответствует регулярному выражению: 
2025-05-28T15:06:43.517+03:00 appender 7860 --- [http-nio-8081-exec-3] c.e.uploadingfiles.StickersService       : hashResult не соответствует регулярному выражению: 
2025-05-28T15:06:43.521+03:00 appender 7860 --- [http-nio-8081-exec-3] c.e.uploadingfiles.StickersService       : hashResult не соответствует регулярному выражению: 
2025-05-28T15:06:43.525+03:00 appender 7860 --- [http-nio-8081-exec-3] c.e.uploadingfiles.StickersService       : hashResult не соответствует регулярному выражению: 
2025-05-28T15:06:44.016+03:00 appender 7860 --- [http-nio-8081-exec-3] c.e.uploadingfiles.StickersService       : hashResult не соответствует регулярному выражению: 
2025-05-28T15:06:46.088+03:00 appender 7860 --- [http-nio-8081-exec-3] c.e.uploadingfiles.StickersService       : hashResult не соответствует регулярному выражению: 
2025-05-28T15:06:46.089+03:00 appender 7860 --- [http-nio-8081-exec-3] c.e.uploadingfiles.StickersService       : hashResult не соответствует регулярному выражению: 
2025-05-28T15:06:46.089+03:00 appender 7860 --- [http-nio-8081-exec-3] c.e.uploadingfiles.StickersService       : hashResult не соответствует регулярному выражению: 
2025-05-28T15:06:46.093+03:00 appender 7860 --- [http-nio-8081-exec-3] c.e.uploadingfiles.StickersService       : hashResult не соответствует регулярному выражению: 
2025-05-28T15:06:46.095+03:00 appender 7860 --- [http-nio-8081-exec-3] c.e.uploadingfiles.StickersService       : hashResult не соответствует регулярному выражению: 
2025-05-28T15:06:46.095+03:00 appender 7860 --- [http-nio-8081-exec-3] c.e.uploadingfiles.StickersService       : hashResult не соответствует регулярному выражению: 
2025-05-28T15:06:46.497+03:00 appender 7860 --- [http-nio-8081-exec-1] c.e.u.FileUploadRestController           : Mapped file wb-gi-108241588.pdf to URL: http://127.0.0.1:8081/api/files/wb-gi-108241588.pdf
2025-05-28T15:06:46.497+03:00 appender 7860 --- [http-nio-8081-exec-1] c.e.u.FileUploadRestController           : Mapped file wb-gi-108241566.pdf to URL: http://127.0.0.1:8081/api/files/wb-gi-108241566.pdf
2025-05-28T15:06:46.497+03:00 appender 7860 --- [http-nio-8081-exec-1] c.e.u.FileUploadRestController           : Total files found: 2
2025-05-28T15:20:08.977+03:00 appender 7860 --- [http-nio-8081-exec-6] c.e.u.FileUploadRestController           : start POST request
2025-05-28T15:20:08.978+03:00 appender 7860 --- [http-nio-8081-exec-6] c.e.u.FileUploadRestController           : 1.******* start proceed file: wb-gi-108241511_109462.xlsx size: 9765
2025-05-28T15:20:08.985+03:00 appender 7860 --- [http-nio-8081-exec-6] c.e.u.FileUploadRestController           : 1.1.******* Service created
2025-05-28T15:20:09.074+03:00 appender 7860 --- [http-nio-8081-exec-6] c.e.uploadingfiles.ExcelReadService      : Обработан файл заказа wb-gi-108241511_109462.xlsx за 0.0892069 сек.
2025-05-28T15:20:09.079+03:00 appender 7860 --- [http-nio-8081-exec-6] c.e.uploadingfiles.StickersService       : ******************начало обработки списка на 7 элементов*****************
2025-05-28T15:20:09.079+03:00 appender 7860 --- [http-nio-8081-exec-6] c.e.uploadingfiles.StickersService       : hashResult не соответствует регулярному выражению: 
2025-05-28T15:20:09.079+03:00 appender 7860 --- [http-nio-8081-exec-6] c.e.uploadingfiles.StickersService       : hashResult не соответствует регулярному выражению: 
2025-05-28T15:20:09.081+03:00 appender 7860 --- [http-nio-8081-exec-6] c.e.uploadingfiles.StickersService       : hashResult не соответствует регулярному выражению: 
2025-05-28T15:20:09.081+03:00 appender 7860 --- [http-nio-8081-exec-6] c.e.uploadingfiles.StickersService       : hashResult не соответствует регулярному выражению: 
2025-05-28T15:20:09.081+03:00 appender 7860 --- [http-nio-8081-exec-6] c.e.uploadingfiles.StickersService       : hashResult не соответствует регулярному выражению: 
2025-05-28T15:20:09.081+03:00 appender 7860 --- [http-nio-8081-exec-6] c.e.uploadingfiles.StickersService       : hashResult не соответствует регулярному выражению: 
2025-05-28T15:20:09.091+03:00 appender 7860 --- [http-nio-8081-exec-6] c.e.u.FileUploadRestController           : The document has no pages.
2025-05-28T15:20:14.737+03:00 appender 7860 --- [http-nio-8081-exec-7] c.e.u.FileUploadRestController           : start POST request
2025-05-28T15:20:14.737+03:00 appender 7860 --- [http-nio-8081-exec-7] c.e.u.FileUploadRestController           : 1.******* start proceed file: wb-gi-108241511.xlsx size: 15715
2025-05-28T15:20:14.737+03:00 appender 7860 --- [http-nio-8081-exec-7] c.e.u.FileUploadRestController           : 1.1.******* Service created
2025-05-28T15:20:14.812+03:00 appender 7860 --- [http-nio-8081-exec-7] c.e.uploadingfiles.ExcelReadService      : Обработан файл заказа wb-gi-108241511.xlsx за 0.0675648 сек.
2025-05-28T15:20:14.814+03:00 appender 7860 --- [http-nio-8081-exec-7] c.e.uploadingfiles.StickersService       : ******************начало обработки списка на 69 элементов*****************
2025-05-28T15:20:14.814+03:00 appender 7860 --- [http-nio-8081-exec-7] c.e.uploadingfiles.StickersService       : hashResult не соответствует регулярному выражению: 
2025-05-28T15:20:14.820+03:00 appender 7860 --- [http-nio-8081-exec-7] c.e.uploadingfiles.StickersService       : hashResult не соответствует регулярному выражению: 
2025-05-28T15:20:14.820+03:00 appender 7860 --- [http-nio-8081-exec-7] c.e.uploadingfiles.StickersService       : hashResult не соответствует регулярному выражению: 
2025-05-28T15:20:14.820+03:00 appender 7860 --- [http-nio-8081-exec-7] c.e.uploadingfiles.StickersService       : hashResult не соответствует регулярному выражению: 
2025-05-28T15:20:14.820+03:00 appender 7860 --- [http-nio-8081-exec-7] c.e.uploadingfiles.StickersService       : hashResult не соответствует регулярному выражению: 
2025-05-28T15:20:14.820+03:00 appender 7860 --- [http-nio-8081-exec-7] c.e.uploadingfiles.StickersService       : hashResult не соответствует регулярному выражению: 
2025-05-28T15:20:14.820+03:00 appender 7860 --- [http-nio-8081-exec-7] c.e.uploadingfiles.StickersService       : hashResult не соответствует регулярному выражению: 
2025-05-28T15:20:14.820+03:00 appender 7860 --- [http-nio-8081-exec-7] c.e.uploadingfiles.StickersService       : hashResult не соответствует регулярному выражению: 
2025-05-28T15:20:14.820+03:00 appender 7860 --- [http-nio-8081-exec-7] c.e.uploadingfiles.StickersService       : hashResult не соответствует регулярному выражению: 
2025-05-28T15:20:14.820+03:00 appender 7860 --- [http-nio-8081-exec-7] c.e.uploadingfiles.StickersService       : hashResult не соответствует регулярному выражению: 
2025-05-28T15:20:14.820+03:00 appender 7860 --- [http-nio-8081-exec-7] c.e.uploadingfiles.StickersService       : hashResult не соответствует регулярному выражению: 
2025-05-28T15:20:14.820+03:00 appender 7860 --- [http-nio-8081-exec-7] c.e.uploadingfiles.StickersService       : hashResult не соответствует регулярному выражению: 
2025-05-28T15:20:14.820+03:00 appender 7860 --- [http-nio-8081-exec-7] c.e.uploadingfiles.StickersService       : hashResult не соответствует регулярному выражению: 
2025-05-28T15:20:14.820+03:00 appender 7860 --- [http-nio-8081-exec-7] c.e.uploadingfiles.StickersService       : hashResult не соответствует регулярному выражению: 
2025-05-28T15:20:14.820+03:00 appender 7860 --- [http-nio-8081-exec-7] c.e.uploadingfiles.StickersService       : hashResult не соответствует регулярному выражению: 
2025-05-28T15:20:14.820+03:00 appender 7860 --- [http-nio-8081-exec-7] c.e.uploadingfiles.StickersService       : hashResult не соответствует регулярному выражению: 
2025-05-28T15:20:14.820+03:00 appender 7860 --- [http-nio-8081-exec-7] c.e.uploadingfiles.StickersService       : hashResult не соответствует регулярному выражению: 
2025-05-28T15:20:14.820+03:00 appender 7860 --- [http-nio-8081-exec-7] c.e.uploadingfiles.StickersService       : hashResult не соответствует регулярному выражению: 
2025-05-28T15:20:14.820+03:00 appender 7860 --- [http-nio-8081-exec-7] c.e.uploadingfiles.StickersService       : hashResult не соответствует регулярному выражению: 
2025-05-28T15:20:14.828+03:00 appender 7860 --- [http-nio-8081-exec-7] c.e.uploadingfiles.StickersService       : hashResult не соответствует регулярному выражению: 
2025-05-28T15:20:14.828+03:00 appender 7860 --- [http-nio-8081-exec-7] c.e.uploadingfiles.StickersService       : hashResult не соответствует регулярному выражению: 
2025-05-28T15:20:14.828+03:00 appender 7860 --- [http-nio-8081-exec-7] c.e.uploadingfiles.StickersService       : hashResult не соответствует регулярному выражению: 
2025-05-28T15:20:14.828+03:00 appender 7860 --- [http-nio-8081-exec-7] c.e.uploadingfiles.StickersService       : hashResult не соответствует регулярному выражению: 
2025-05-28T15:20:14.828+03:00 appender 7860 --- [http-nio-8081-exec-7] c.e.uploadingfiles.StickersService       : hashResult не соответствует регулярному выражению: 
2025-05-28T15:20:14.828+03:00 appender 7860 --- [http-nio-8081-exec-7] c.e.uploadingfiles.StickersService       : hashResult не соответствует регулярному выражению: 
2025-05-28T15:20:14.828+03:00 appender 7860 --- [http-nio-8081-exec-7] c.e.uploadingfiles.StickersService       : hashResult не соответствует регулярному выражению: 
2025-05-28T15:20:14.828+03:00 appender 7860 --- [http-nio-8081-exec-7] c.e.uploadingfiles.StickersService       : hashResult не соответствует регулярному выражению: 
2025-05-28T15:20:14.833+03:00 appender 7860 --- [http-nio-8081-exec-7] c.e.uploadingfiles.StickersService       : hashResult не соответствует регулярному выражению: 
2025-05-28T15:20:14.834+03:00 appender 7860 --- [http-nio-8081-exec-7] c.e.uploadingfiles.StickersService       : hashResult не соответствует регулярному выражению: 
2025-05-28T15:20:14.834+03:00 appender 7860 --- [http-nio-8081-exec-7] c.e.uploadingfiles.StickersService       : hashResult не соответствует регулярному выражению: 
2025-05-28T15:20:14.835+03:00 appender 7860 --- [http-nio-8081-exec-7] c.e.uploadingfiles.StickersService       : hashResult не соответствует регулярному выражению: 
2025-05-28T15:20:14.835+03:00 appender 7860 --- [http-nio-8081-exec-7] c.e.uploadingfiles.StickersService       : hashResult не соответствует регулярному выражению: 
2025-05-28T15:20:14.836+03:00 appender 7860 --- [http-nio-8081-exec-7] c.e.uploadingfiles.StickersService       : hashResult не соответствует регулярному выражению: 
2025-05-28T15:20:14.836+03:00 appender 7860 --- [http-nio-8081-exec-7] c.e.uploadingfiles.StickersService       : hashResult не соответствует регулярному выражению: 
2025-05-28T15:20:14.836+03:00 appender 7860 --- [http-nio-8081-exec-7] c.e.uploadingfiles.StickersService       : hashResult не соответствует регулярному выражению: 
2025-05-28T15:20:15.351+03:00 appender 7860 --- [http-nio-8081-exec-7] c.e.uploadingfiles.StickersService       : hashResult не соответствует регулярному выражению: 
2025-05-28T15:20:15.355+03:00 appender 7860 --- [http-nio-8081-exec-7] c.e.uploadingfiles.StickersService       : hashResult не соответствует регулярному выражению: 
2025-05-28T15:20:15.357+03:00 appender 7860 --- [http-nio-8081-exec-7] c.e.uploadingfiles.StickersService       : hashResult не соответствует регулярному выражению: 
2025-05-28T15:20:15.362+03:00 appender 7860 --- [http-nio-8081-exec-7] c.e.uploadingfiles.StickersService       : hashResult не соответствует регулярному выражению: 
2025-05-28T15:20:15.370+03:00 appender 7860 --- [http-nio-8081-exec-7] c.e.uploadingfiles.StickersService       : hashResult не соответствует регулярному выражению: 
2025-05-28T15:20:15.372+03:00 appender 7860 --- [http-nio-8081-exec-7] c.e.uploadingfiles.StickersService       : hashResult не соответствует регулярному выражению: 
2025-05-28T15:20:15.372+03:00 appender 7860 --- [http-nio-8081-exec-7] c.e.uploadingfiles.StickersService       : hashResult не соответствует регулярному выражению: 
2025-05-28T15:20:15.376+03:00 appender 7860 --- [http-nio-8081-exec-7] c.e.uploadingfiles.StickersService       : hashResult не соответствует регулярному выражению: 
2025-05-28T15:20:16.289+03:00 appender 7860 --- [http-nio-8081-exec-7] c.e.uploadingfiles.StickersService       : hashResult не соответствует регулярному выражению: 
2025-05-28T15:20:18.260+03:00 appender 7860 --- [http-nio-8081-exec-7] c.e.uploadingfiles.StickersService       : hashResult не соответствует регулярному выражению: 
2025-05-28T15:20:18.260+03:00 appender 7860 --- [http-nio-8081-exec-7] c.e.uploadingfiles.StickersService       : hashResult не соответствует регулярному выражению: 
2025-05-28T15:20:18.260+03:00 appender 7860 --- [http-nio-8081-exec-7] c.e.uploadingfiles.StickersService       : hashResult не соответствует регулярному выражению: 
2025-05-28T15:20:18.263+03:00 appender 7860 --- [http-nio-8081-exec-7] c.e.uploadingfiles.StickersService       : hashResult не соответствует регулярному выражению: 
2025-05-28T15:20:18.263+03:00 appender 7860 --- [http-nio-8081-exec-7] c.e.uploadingfiles.StickersService       : hashResult не соответствует регулярному выражению: 
2025-05-28T15:20:18.263+03:00 appender 7860 --- [http-nio-8081-exec-7] c.e.uploadingfiles.StickersService       : hashResult не соответствует регулярному выражению: 
2025-05-28T15:20:18.691+03:00 appender 7860 --- [http-nio-8081-exec-8] c.e.u.FileUploadRestController           : Mapped file wb-gi-108241511.pdf to URL: http://127.0.0.1:8081/api/files/wb-gi-108241511.pdf
2025-05-28T15:20:18.691+03:00 appender 7860 --- [http-nio-8081-exec-8] c.e.u.FileUploadRestController           : Mapped file wb-gi-108241511_109462.pdf to URL: http://127.0.0.1:8081/api/files/wb-gi-108241511_109462.pdf
2025-05-28T15:20:18.691+03:00 appender 7860 --- [http-nio-8081-exec-8] c.e.u.FileUploadRestController           : Mapped file wb-gi-108241588.pdf to URL: http://127.0.0.1:8081/api/files/wb-gi-108241588.pdf
2025-05-28T15:20:18.691+03:00 appender 7860 --- [http-nio-8081-exec-8] c.e.u.FileUploadRestController           : Mapped file wb-gi-108241566.pdf to URL: http://127.0.0.1:8081/api/files/wb-gi-108241566.pdf
2025-05-28T15:20:18.691+03:00 appender 7860 --- [http-nio-8081-exec-8] c.e.u.FileUploadRestController           : Total files found: 4
2025-05-28T15:21:06.196+03:00 appender 7860 --- [http-nio-8081-exec-9] o.s.web.servlet.PageNotFound             : No mapping for GET /.well-known/appspecific/com.chrome.devtools.json
2025-05-28T15:21:06.205+03:00 appender 7860 --- [http-nio-8081-exec-9] o.s.web.servlet.PageNotFound             : No endpoint GET /.well-known/appspecific/com.chrome.devtools.json.
2025-05-28T15:21:12.753+03:00 appender 7860 --- [http-nio-8081-exec-6] o.s.web.servlet.PageNotFound             : No mapping for GET /.well-known/appspecific/com.chrome.devtools.json
2025-05-28T15:21:12.758+03:00 appender 7860 --- [http-nio-8081-exec-6] o.s.web.servlet.PageNotFound             : No endpoint GET /.well-known/appspecific/com.chrome.devtools.json.
2025-05-28T15:21:12.984+03:00 appender 7860 --- [http-nio-8081-exec-7] c.e.u.FileUploadRestController           : Mapped file wb-gi-108241511.pdf to URL: http://127.0.0.1:8081/api/files/wb-gi-108241511.pdf
2025-05-28T15:21:12.987+03:00 appender 7860 --- [http-nio-8081-exec-7] c.e.u.FileUploadRestController           : Mapped file wb-gi-108241511_109462.pdf to URL: http://127.0.0.1:8081/api/files/wb-gi-108241511_109462.pdf
2025-05-28T15:21:12.988+03:00 appender 7860 --- [http-nio-8081-exec-7] c.e.u.FileUploadRestController           : Mapped file wb-gi-108241588.pdf to URL: http://127.0.0.1:8081/api/files/wb-gi-108241588.pdf
2025-05-28T15:21:12.989+03:00 appender 7860 --- [http-nio-8081-exec-7] c.e.u.FileUploadRestController           : Mapped file wb-gi-108241566.pdf to URL: http://127.0.0.1:8081/api/files/wb-gi-108241566.pdf
2025-05-28T15:21:12.990+03:00 appender 7860 --- [http-nio-8081-exec-7] c.e.u.FileUploadRestController           : Total files found: 4
2025-05-28T15:23:42.571+03:00 appender 7860 --- [http-nio-8081-exec-5] o.s.web.servlet.PageNotFound             : No mapping for GET /.well-known/appspecific/com.chrome.devtools.json
2025-05-28T15:23:42.595+03:00 appender 7860 --- [http-nio-8081-exec-5] o.s.web.servlet.PageNotFound             : No endpoint GET /.well-known/appspecific/com.chrome.devtools.json.
2025-05-28T15:23:43.022+03:00 appender 7860 --- [http-nio-8081-exec-6] c.e.u.FileUploadRestController           : Mapped file wb-gi-108241511.pdf to URL: http://127.0.0.1:8081/api/files/wb-gi-108241511.pdf
2025-05-28T15:23:43.026+03:00 appender 7860 --- [http-nio-8081-exec-6] c.e.u.FileUploadRestController           : Mapped file wb-gi-108241511_109462.pdf to URL: http://127.0.0.1:8081/api/files/wb-gi-108241511_109462.pdf
2025-05-28T15:23:43.027+03:00 appender 7860 --- [http-nio-8081-exec-6] c.e.u.FileUploadRestController           : Mapped file wb-gi-108241588.pdf to URL: http://127.0.0.1:8081/api/files/wb-gi-108241588.pdf
2025-05-28T15:23:43.028+03:00 appender 7860 --- [http-nio-8081-exec-6] c.e.u.FileUploadRestController           : Mapped file wb-gi-108241566.pdf to URL: http://127.0.0.1:8081/api/files/wb-gi-108241566.pdf
2025-05-28T15:23:43.029+03:00 appender 7860 --- [http-nio-8081-exec-6] c.e.u.FileUploadRestController           : Total files found: 4
2025-05-28T15:23:51.642+03:00 appender 7860 --- [http-nio-8081-exec-9] o.s.web.servlet.PageNotFound             : No mapping for GET /.well-known/appspecific/com.chrome.devtools.json
2025-05-28T15:23:51.651+03:00 appender 7860 --- [http-nio-8081-exec-9] o.s.web.servlet.PageNotFound             : No endpoint GET /.well-known/appspecific/com.chrome.devtools.json.
2025-05-28T15:23:51.798+03:00 appender 7860 --- [http-nio-8081-exec-1] c.e.u.FileUploadRestController           : Mapped file wb-gi-108241511.pdf to URL: http://127.0.0.1:8081/api/files/wb-gi-108241511.pdf
2025-05-28T15:23:51.802+03:00 appender 7860 --- [http-nio-8081-exec-1] c.e.u.FileUploadRestController           : Mapped file wb-gi-108241511_109462.pdf to URL: http://127.0.0.1:8081/api/files/wb-gi-108241511_109462.pdf
2025-05-28T15:23:51.820+03:00 appender 7860 --- [http-nio-8081-exec-1] c.e.u.FileUploadRestController           : Mapped file wb-gi-108241588.pdf to URL: http://127.0.0.1:8081/api/files/wb-gi-108241588.pdf
2025-05-28T15:23:51.822+03:00 appender 7860 --- [http-nio-8081-exec-1] c.e.u.FileUploadRestController           : Mapped file wb-gi-108241566.pdf to URL: http://127.0.0.1:8081/api/files/wb-gi-108241566.pdf
2025-05-28T15:23:51.823+03:00 appender 7860 --- [http-nio-8081-exec-1] c.e.u.FileUploadRestController           : Total files found: 4
2025-05-28T15:24:34.393+03:00 appender 7860 --- [http-nio-8081-exec-7] c.e.u.FileUploadRestController           : Mapped file wb-gi-108241511.pdf to URL: http://127.0.0.1:8081/api/files/wb-gi-108241511.pdf
2025-05-28T15:24:34.396+03:00 appender 7860 --- [http-nio-8081-exec-7] c.e.u.FileUploadRestController           : Mapped file wb-gi-108241511_109462.pdf to URL: http://127.0.0.1:8081/api/files/wb-gi-108241511_109462.pdf
2025-05-28T15:24:34.398+03:00 appender 7860 --- [http-nio-8081-exec-7] c.e.u.FileUploadRestController           : Mapped file wb-gi-108241588.pdf to URL: http://127.0.0.1:8081/api/files/wb-gi-108241588.pdf
2025-05-28T15:24:34.400+03:00 appender 7860 --- [http-nio-8081-exec-7] c.e.u.FileUploadRestController           : Mapped file wb-gi-108241566.pdf to URL: http://127.0.0.1:8081/api/files/wb-gi-108241566.pdf
2025-05-28T15:24:34.404+03:00 appender 7860 --- [http-nio-8081-exec-7] c.e.u.FileUploadRestController           : Total files found: 4
2025-05-28T15:24:38.576+03:00 appender 7860 --- [http-nio-8081-exec-3] c.e.u.FileUploadRestController           : Mapped file wb-gi-108241511.pdf to URL: http://127.0.0.1:8081/api/files/wb-gi-108241511.pdf
2025-05-28T15:24:38.584+03:00 appender 7860 --- [http-nio-8081-exec-3] c.e.u.FileUploadRestController           : Mapped file wb-gi-108241511_109462.pdf to URL: http://127.0.0.1:8081/api/files/wb-gi-108241511_109462.pdf
2025-05-28T15:24:38.585+03:00 appender 7860 --- [http-nio-8081-exec-3] c.e.u.FileUploadRestController           : Mapped file wb-gi-108241588.pdf to URL: http://127.0.0.1:8081/api/files/wb-gi-108241588.pdf
2025-05-28T15:24:38.587+03:00 appender 7860 --- [http-nio-8081-exec-3] c.e.u.FileUploadRestController           : Mapped file wb-gi-108241566.pdf to URL: http://127.0.0.1:8081/api/files/wb-gi-108241566.pdf
2025-05-28T15:24:38.588+03:00 appender 7860 --- [http-nio-8081-exec-3] c.e.u.FileUploadRestController           : Total files found: 4
2025-05-28T15:25:13.364+03:00 appender 7860 --- [http-nio-8081-exec-9] c.e.u.FileUploadRestController           : Mapped file wb-gi-108241511.pdf to URL: http://127.0.0.1:8081/api/files/wb-gi-108241511.pdf
2025-05-28T15:25:13.375+03:00 appender 7860 --- [http-nio-8081-exec-9] c.e.u.FileUploadRestController           : Mapped file wb-gi-108241511_109462.pdf to URL: http://127.0.0.1:8081/api/files/wb-gi-108241511_109462.pdf
2025-05-28T15:25:13.377+03:00 appender 7860 --- [http-nio-8081-exec-9] c.e.u.FileUploadRestController           : Mapped file wb-gi-108241588.pdf to URL: http://127.0.0.1:8081/api/files/wb-gi-108241588.pdf
2025-05-28T15:25:13.379+03:00 appender 7860 --- [http-nio-8081-exec-9] c.e.u.FileUploadRestController           : Mapped file wb-gi-108241566.pdf to URL: http://127.0.0.1:8081/api/files/wb-gi-108241566.pdf
2025-05-28T15:25:13.379+03:00 appender 7860 --- [http-nio-8081-exec-9] c.e.u.FileUploadRestController           : Total files found: 4
2025-05-28T15:30:23.692+03:00 appender 20248 --- [main] c.e.u.StickersCreateApplication          : Starting StickersCreateApplication using Java 21.0.2 with PID 20248 (D:\rpo\java\Stickers2\target\classes started by 8_kovalenko_351 in D:\rpo\java\Stickers2)
2025-05-28T15:30:23.696+03:00 appender 20248 --- [main] c.e.u.StickersCreateApplication          : No active profile set, falling back to 1 default profile: "default"
2025-05-28T15:30:27.131+03:00 appender 20248 --- [main] o.s.b.w.embedded.tomcat.TomcatWebServer  : Tomcat initialized with port 8081 (http)
2025-05-28T15:30:27.156+03:00 appender 20248 --- [main] o.apache.catalina.core.StandardService   : Starting service [Tomcat]
2025-05-28T15:30:27.158+03:00 appender 20248 --- [main] o.apache.catalina.core.StandardEngine    : Starting Servlet engine: [Apache Tomcat/10.1.31]
2025-05-28T15:30:27.291+03:00 appender 20248 --- [main] o.a.c.c.C.[Tomcat].[localhost].[/]       : Initializing Spring embedded WebApplicationContext
2025-05-28T15:30:27.292+03:00 appender 20248 --- [main] w.s.c.ServletWebServerApplicationContext : Root WebApplicationContext: initialization completed in 3463 ms
2025-05-28T15:30:28.656+03:00 appender 20248 --- [main] o.s.b.a.e.web.EndpointLinksResolver      : Exposing 1 endpoint beneath base path '/actuator'
2025-05-28T15:30:28.783+03:00 appender 20248 --- [main] o.s.b.w.embedded.tomcat.TomcatWebServer  : Tomcat started on port 8081 (http) with context path '/'
2025-05-28T15:30:28.814+03:00 appender 20248 --- [main] c.e.u.StickersCreateApplication          : Started StickersCreateApplication in 5.877 seconds (process running for 7.696)
2025-05-28T15:30:28.825+03:00 appender 20248 --- [main] c.e.u.services.WbProductsService         : Trying to fetch products from API: http://localhost:8080/api/wb/all-cards-mapped-short
2025-05-28T15:30:33.164+03:00 appender 20248 --- [http-nio-8081-exec-2] o.a.c.c.C.[Tomcat].[localhost].[/]       : Initializing Spring DispatcherServlet 'dispatcherServlet'
2025-05-28T15:30:33.181+03:00 appender 20248 --- [http-nio-8081-exec-2] o.s.web.servlet.DispatcherServlet        : Initializing Servlet 'dispatcherServlet'
2025-05-28T15:30:33.194+03:00 appender 20248 --- [http-nio-8081-exec-2] o.s.web.servlet.DispatcherServlet        : Completed initialization in 13 ms
2025-05-28T15:30:33.543+03:00 appender 20248 --- [http-nio-8081-exec-2] c.e.u.FileUploadRestController           : Mapped file wb-gi-108241511.pdf to URL: http://127.0.0.1:8081/api/files/wb-gi-108241511.pdf
2025-05-28T15:30:33.545+03:00 appender 20248 --- [http-nio-8081-exec-2] c.e.u.FileUploadRestController           : Mapped file wb-gi-108241511_109462.pdf to URL: http://127.0.0.1:8081/api/files/wb-gi-108241511_109462.pdf
2025-05-28T15:30:33.547+03:00 appender 20248 --- [http-nio-8081-exec-2] c.e.u.FileUploadRestController           : Mapped file wb-gi-108241588.pdf to URL: http://127.0.0.1:8081/api/files/wb-gi-108241588.pdf
2025-05-28T15:30:33.549+03:00 appender 20248 --- [http-nio-8081-exec-2] c.e.u.FileUploadRestController           : Mapped file wb-gi-108241566.pdf to URL: http://127.0.0.1:8081/api/files/wb-gi-108241566.pdf
2025-05-28T15:30:33.549+03:00 appender 20248 --- [http-nio-8081-exec-2] c.e.u.FileUploadRestController           : Total files found: 4
2025-05-28T15:30:34.948+03:00 appender 20248 --- [main] c.e.u.services.WbProductsService         : Products data saved to wb_products_backup.json
2025-05-28T15:30:35.061+03:00 appender 20248 --- [main] c.e.u.services.WbProductsService         : HashMaps populated: 88413 barcodes and 88413 brands stored
2025-05-28T15:30:35.068+03:00 appender 20248 --- [main] c.e.u.services.WbProductsService         : Successfully fetched 88413 products from API
2025-05-28T15:30:35.074+03:00 appender 20248 --- [main] c.e.u.FileUploadRestController           : Successfully loaded 88413 products on startup
2025-05-28T15:30:38.221+03:00 appender 20248 --- [http-nio-8081-exec-1] c.e.u.FileUploadRestController           : Total files found: 0
2025-05-28T15:31:20.453+03:00 appender 20248 --- [http-nio-8081-exec-5] c.e.u.FileUploadRestController           : Total files found: 0
2025-05-28T15:31:23.522+03:00 appender 20248 --- [http-nio-8081-exec-6] c.e.u.FileUploadRestController           : Total files found: 0
2025-05-28T15:31:39.737+03:00 appender 20248 --- [http-nio-8081-exec-8] c.e.u.FileUploadRestController           : Total files found: 0
2025-05-28T15:32:07.058+03:00 appender 20248 --- [http-nio-8081-exec-2] c.e.u.FileUploadRestController           : Total files found: 0
2025-05-28T15:32:15.443+03:00 appender 20248 --- [http-nio-8081-exec-1] c.e.u.FileUploadRestController           : Total files found: 0
2025-05-28T15:42:15.673+03:00 appender 10516 --- [main] c.e.u.StickersCreateApplication          : Starting StickersCreateApplication using Java 21.0.2 with PID 10516 (D:\rpo\java\Stickers2\target\classes started by 8_kovalenko_351 in D:\rpo\java\Stickers2)
2025-05-28T15:42:15.677+03:00 appender 10516 --- [main] c.e.u.StickersCreateApplication          : No active profile set, falling back to 1 default profile: "default"
2025-05-28T15:42:18.785+03:00 appender 10516 --- [main] o.s.b.w.embedded.tomcat.TomcatWebServer  : Tomcat initialized with port 8081 (http)
2025-05-28T15:42:18.818+03:00 appender 10516 --- [main] o.apache.catalina.core.StandardService   : Starting service [Tomcat]
2025-05-28T15:42:18.818+03:00 appender 10516 --- [main] o.apache.catalina.core.StandardEngine    : Starting Servlet engine: [Apache Tomcat/10.1.31]
2025-05-28T15:42:18.972+03:00 appender 10516 --- [main] o.a.c.c.C.[Tomcat].[localhost].[/]       : Initializing Spring embedded WebApplicationContext
2025-05-28T15:42:18.974+03:00 appender 10516 --- [main] w.s.c.ServletWebServerApplicationContext : Root WebApplicationContext: initialization completed in 3173 ms
2025-05-28T15:42:20.323+03:00 appender 10516 --- [main] o.s.b.a.e.web.EndpointLinksResolver      : Exposing 1 endpoint beneath base path '/actuator'
2025-05-28T15:42:20.478+03:00 appender 10516 --- [main] o.s.b.w.embedded.tomcat.TomcatWebServer  : Tomcat started on port 8081 (http) with context path '/'
2025-05-28T15:42:20.509+03:00 appender 10516 --- [main] c.e.u.StickersCreateApplication          : Started StickersCreateApplication in 5.49 seconds (process running for 8.801)
2025-05-28T15:42:20.518+03:00 appender 10516 --- [main] c.e.u.services.WbProductsService         : Trying to fetch products from API: http://localhost:8080/api/wb/all-cards-mapped-short
2025-05-28T15:42:25.080+03:00 appender 10516 --- [main] c.e.u.services.WbProductsService         : Products data saved to wb_products_backup.json
2025-05-28T15:42:25.193+03:00 appender 10516 --- [main] c.e.u.services.WbProductsService         : HashMaps populated: 88413 barcodes and 88413 brands stored
2025-05-28T15:42:25.195+03:00 appender 10516 --- [main] c.e.u.services.WbProductsService         : Successfully fetched 88413 products from API
2025-05-28T15:42:25.197+03:00 appender 10516 --- [main] c.e.u.FileUploadRestController           : Successfully loaded 88413 products on startup
2025-05-28T15:42:47.321+03:00 appender 10516 --- [http-nio-8081-exec-2] o.a.c.c.C.[Tomcat].[localhost].[/]       : Initializing Spring DispatcherServlet 'dispatcherServlet'
2025-05-28T15:42:47.330+03:00 appender 10516 --- [http-nio-8081-exec-2] o.s.web.servlet.DispatcherServlet        : Initializing Servlet 'dispatcherServlet'
2025-05-28T15:42:47.338+03:00 appender 10516 --- [http-nio-8081-exec-2] o.s.web.servlet.DispatcherServlet        : Completed initialization in 4 ms
2025-05-28T15:42:47.494+03:00 appender 10516 --- [http-nio-8081-exec-1] c.e.u.FileUploadRestController           : Total files found: 0
2025-05-28T15:43:04.971+03:00 appender 10516 --- [http-nio-8081-exec-6] c.e.u.FileUploadRestController           : Total files found: 0
2025-05-28T15:43:08.412+03:00 appender 10516 --- [http-nio-8081-exec-7] c.e.u.FileUploadRestController           : Total files found: 0
2025-05-28T15:43:53.638+03:00 appender 10516 --- [http-nio-8081-exec-9] c.e.u.FileUploadRestController           : Total files found: 0
2025-05-28T15:44:28.064+03:00 appender 10516 --- [http-nio-8081-exec-5] c.e.u.FileUploadRestController           : Total files found: 0
2025-05-28T15:44:57.549+03:00 appender 4492 --- [main] c.e.u.StickersCreateApplication          : Starting StickersCreateApplication using Java 21.0.2 with PID 4492 (D:\rpo\java\Stickers2\target\classes started by 8_kovalenko_351 in D:\rpo\java\Stickers2)
2025-05-28T15:44:57.552+03:00 appender 4492 --- [main] c.e.u.StickersCreateApplication          : No active profile set, falling back to 1 default profile: "default"
2025-05-28T15:45:00.478+03:00 appender 4492 --- [main] o.s.b.w.embedded.tomcat.TomcatWebServer  : Tomcat initialized with port 8081 (http)
2025-05-28T15:45:00.508+03:00 appender 4492 --- [main] o.apache.catalina.core.StandardService   : Starting service [Tomcat]
2025-05-28T15:45:00.510+03:00 appender 4492 --- [main] o.apache.catalina.core.StandardEngine    : Starting Servlet engine: [Apache Tomcat/10.1.31]
2025-05-28T15:45:00.635+03:00 appender 4492 --- [main] o.a.c.c.C.[Tomcat].[localhost].[/]       : Initializing Spring embedded WebApplicationContext
2025-05-28T15:45:00.635+03:00 appender 4492 --- [main] w.s.c.ServletWebServerApplicationContext : Root WebApplicationContext: initialization completed in 2901 ms
2025-05-28T15:45:01.731+03:00 appender 4492 --- [main] o.s.b.a.e.web.EndpointLinksResolver      : Exposing 1 endpoint beneath base path '/actuator'
2025-05-28T15:45:01.960+03:00 appender 4492 --- [main] o.s.b.w.embedded.tomcat.TomcatWebServer  : Tomcat started on port 8081 (http) with context path '/'
2025-05-28T15:45:01.999+03:00 appender 4492 --- [main] c.e.u.StickersCreateApplication          : Started StickersCreateApplication in 5.146 seconds (process running for 7.025)
2025-05-28T15:45:02.013+03:00 appender 4492 --- [main] c.e.u.services.WbProductsService         : Trying to fetch products from API: http://localhost:8080/api/wb/all-cards-mapped-short
2025-05-28T15:45:03.744+03:00 appender 4492 --- [main] c.e.u.services.WbProductsService         : Products data saved to wb_products_backup.json
2025-05-28T15:45:03.861+03:00 appender 4492 --- [main] c.e.u.services.WbProductsService         : HashMaps populated: 88413 barcodes and 88413 brands stored
2025-05-28T15:45:03.866+03:00 appender 4492 --- [main] c.e.u.services.WbProductsService         : Successfully fetched 88413 products from API
2025-05-28T15:45:03.867+03:00 appender 4492 --- [main] c.e.u.FileUploadRestController           : Successfully loaded 88413 products on startup
2025-05-28T15:45:29.150+03:00 appender 4492 --- [http-nio-8081-exec-2] o.a.c.c.C.[Tomcat].[localhost].[/]       : Initializing Spring DispatcherServlet 'dispatcherServlet'
2025-05-28T15:45:29.154+03:00 appender 4492 --- [http-nio-8081-exec-2] o.s.web.servlet.DispatcherServlet        : Initializing Servlet 'dispatcherServlet'
2025-05-28T15:45:29.160+03:00 appender 4492 --- [http-nio-8081-exec-2] o.s.web.servlet.DispatcherServlet        : Completed initialization in 3 ms
2025-05-28T15:45:29.300+03:00 appender 4492 --- [http-nio-8081-exec-2] c.e.u.FileUploadRestController           : Total files found: 0
2025-05-28T15:46:04.977+03:00 appender 4492 --- [http-nio-8081-exec-3] c.e.u.FileUploadRestController           : Total files found: 0
2025-05-28T15:46:11.479+03:00 appender 23444 --- [main] c.e.u.StickersCreateApplication          : Starting StickersCreateApplication using Java 21.0.2 with PID 23444 (D:\rpo\java\Stickers2\target\classes started by 8_kovalenko_351 in D:\rpo\java\Stickers2)
2025-05-28T15:46:11.482+03:00 appender 23444 --- [main] c.e.u.StickersCreateApplication          : No active profile set, falling back to 1 default profile: "default"
2025-05-28T15:46:14.514+03:00 appender 23444 --- [main] o.s.b.w.embedded.tomcat.TomcatWebServer  : Tomcat initialized with port 8081 (http)
2025-05-28T15:46:14.541+03:00 appender 23444 --- [main] o.apache.catalina.core.StandardService   : Starting service [Tomcat]
2025-05-28T15:46:14.554+03:00 appender 23444 --- [main] o.apache.catalina.core.StandardEngine    : Starting Servlet engine: [Apache Tomcat/10.1.31]
2025-05-28T15:46:14.689+03:00 appender 23444 --- [main] o.a.c.c.C.[Tomcat].[localhost].[/]       : Initializing Spring embedded WebApplicationContext
2025-05-28T15:46:14.690+03:00 appender 23444 --- [main] w.s.c.ServletWebServerApplicationContext : Root WebApplicationContext: initialization completed in 3098 ms
2025-05-28T15:46:15.694+03:00 appender 23444 --- [main] o.s.b.a.e.web.EndpointLinksResolver      : Exposing 1 endpoint beneath base path '/actuator'
2025-05-28T15:46:15.848+03:00 appender 23444 --- [main] o.s.b.w.embedded.tomcat.TomcatWebServer  : Tomcat started on port 8081 (http) with context path '/'
2025-05-28T15:46:15.887+03:00 appender 23444 --- [main] c.e.u.StickersCreateApplication          : Started StickersCreateApplication in 5.099 seconds (process running for 6.873)
2025-05-28T15:46:15.896+03:00 appender 23444 --- [main] c.e.u.services.WbProductsService         : Trying to fetch products from API: http://localhost:8080/api/wb/all-cards-mapped-short
2025-05-28T15:46:16.966+03:00 appender 23444 --- [main] c.e.u.services.WbProductsService         : Products data saved to wb_products_backup.json
2025-05-28T15:46:17.048+03:00 appender 23444 --- [main] c.e.u.services.WbProductsService         : HashMaps populated: 88413 barcodes and 88413 brands stored
2025-05-28T15:46:17.050+03:00 appender 23444 --- [main] c.e.u.services.WbProductsService         : Successfully fetched 88413 products from API
2025-05-28T15:46:17.050+03:00 appender 23444 --- [main] c.e.u.FileUploadRestController           : Successfully loaded 88413 products on startup
2025-05-28T15:46:35.027+03:00 appender 23444 --- [http-nio-8081-exec-3] o.a.c.c.C.[Tomcat].[localhost].[/]       : Initializing Spring DispatcherServlet 'dispatcherServlet'
2025-05-28T15:46:35.030+03:00 appender 23444 --- [http-nio-8081-exec-3] o.s.web.servlet.DispatcherServlet        : Initializing Servlet 'dispatcherServlet'
2025-05-28T15:46:35.059+03:00 appender 23444 --- [http-nio-8081-exec-3] o.s.web.servlet.DispatcherServlet        : Completed initialization in 12 ms
2025-05-28T15:46:35.292+03:00 appender 23444 --- [http-nio-8081-exec-3] c.e.u.FileUploadRestController           : Total files found: 0
2025-05-28T15:47:06.520+03:00 appender 17168 --- [main] c.e.u.StickersCreateApplication          : Starting StickersCreateApplication using Java 21.0.2 with PID 17168 (D:\rpo\java\Stickers2\target\classes started by 8_kovalenko_351 in D:\rpo\java\Stickers2)
2025-05-28T15:47:06.527+03:00 appender 17168 --- [main] c.e.u.StickersCreateApplication          : No active profile set, falling back to 1 default profile: "default"
2025-05-28T15:47:09.436+03:00 appender 17168 --- [main] o.s.b.w.embedded.tomcat.TomcatWebServer  : Tomcat initialized with port 8081 (http)
2025-05-28T15:47:09.459+03:00 appender 17168 --- [main] o.apache.catalina.core.StandardService   : Starting service [Tomcat]
2025-05-28T15:47:09.460+03:00 appender 17168 --- [main] o.apache.catalina.core.StandardEngine    : Starting Servlet engine: [Apache Tomcat/10.1.31]
2025-05-28T15:47:09.611+03:00 appender 17168 --- [main] o.a.c.c.C.[Tomcat].[localhost].[/]       : Initializing Spring embedded WebApplicationContext
2025-05-28T15:47:09.612+03:00 appender 17168 --- [main] w.s.c.ServletWebServerApplicationContext : Root WebApplicationContext: initialization completed in 2939 ms
2025-05-28T15:47:11.166+03:00 appender 17168 --- [main] o.s.b.a.e.web.EndpointLinksResolver      : Exposing 1 endpoint beneath base path '/actuator'
2025-05-28T15:47:11.263+03:00 appender 17168 --- [main] o.s.b.w.embedded.tomcat.TomcatWebServer  : Tomcat started on port 8081 (http) with context path '/'
2025-05-28T15:47:11.280+03:00 appender 17168 --- [main] c.e.u.StickersCreateApplication          : Started StickersCreateApplication in 5.994 seconds (process running for 8.305)
2025-05-28T15:47:11.285+03:00 appender 17168 --- [main] c.e.u.services.WbProductsService         : Trying to fetch products from API: http://localhost:8080/api/wb/all-cards-mapped-short
2025-05-28T15:47:12.683+03:00 appender 17168 --- [main] c.e.u.services.WbProductsService         : Products data saved to wb_products_backup.json
2025-05-28T15:47:12.773+03:00 appender 17168 --- [main] c.e.u.services.WbProductsService         : HashMaps populated: 88413 barcodes and 88413 brands stored
2025-05-28T15:47:12.774+03:00 appender 17168 --- [main] c.e.u.services.WbProductsService         : Successfully fetched 88413 products from API
2025-05-28T15:47:12.775+03:00 appender 17168 --- [main] c.e.u.FileUploadRestController           : Successfully loaded 88413 products on startup
2025-05-28T15:47:31.437+03:00 appender 17168 --- [http-nio-8081-exec-2] o.a.c.c.C.[Tomcat].[localhost].[/]       : Initializing Spring DispatcherServlet 'dispatcherServlet'
2025-05-28T15:47:31.440+03:00 appender 17168 --- [http-nio-8081-exec-2] o.s.web.servlet.DispatcherServlet        : Initializing Servlet 'dispatcherServlet'
2025-05-28T15:47:31.445+03:00 appender 17168 --- [http-nio-8081-exec-2] o.s.web.servlet.DispatcherServlet        : Completed initialization in 2 ms
2025-05-28T15:47:31.595+03:00 appender 17168 --- [http-nio-8081-exec-2] c.e.u.FileUploadRestController           : Total files found: 0
2025-05-28T15:48:14.022+03:00 appender 17168 --- [http-nio-8081-exec-5] c.e.u.FileUploadRestController           : Total files found: 0
2025-05-28T15:48:55.249+03:00 appender 17168 --- [http-nio-8081-exec-8] c.e.u.FileUploadRestController           : start POST request
2025-05-28T15:48:55.251+03:00 appender 17168 --- [http-nio-8081-exec-8] c.e.u.FileUploadRestController           : 1.******* start proceed file: wb-gi-108241588.xlsx size: 15715
2025-05-28T15:48:55.251+03:00 appender 17168 --- [http-nio-8081-exec-8] c.e.u.FileUploadRestController           : 1.1.******* Service created
2025-05-28T15:48:57.161+03:00 appender 17168 --- [http-nio-8081-exec-8] c.e.uploadingfiles.ExcelReadService      : Обработан файл заказа wb-gi-108241588.xlsx за 1.899505099 сек.
2025-05-28T15:48:57.347+03:00 appender 17168 --- [http-nio-8081-exec-8] c.e.uploadingfiles.StickersService       : ******************начало обработки списка на 69 элементов*****************
2025-05-28T15:48:57.353+03:00 appender 17168 --- [http-nio-8081-exec-8] c.e.uploadingfiles.StickersService       : hashResult не соответствует регулярному выражению: 
2025-05-28T15:48:57.353+03:00 appender 17168 --- [http-nio-8081-exec-8] c.e.uploadingfiles.StickersService       : hashResult не соответствует регулярному выражению: 
2025-05-28T15:48:57.357+03:00 appender 17168 --- [http-nio-8081-exec-8] c.e.uploadingfiles.StickersService       : hashResult не соответствует регулярному выражению: 
2025-05-28T15:48:57.363+03:00 appender 17168 --- [http-nio-8081-exec-8] c.e.uploadingfiles.StickersService       : hashResult не соответствует регулярному выражению: 
2025-05-28T15:48:57.364+03:00 appender 17168 --- [http-nio-8081-exec-8] c.e.uploadingfiles.StickersService       : hashResult не соответствует регулярному выражению: 
2025-05-28T15:48:57.364+03:00 appender 17168 --- [http-nio-8081-exec-8] c.e.uploadingfiles.StickersService       : hashResult не соответствует регулярному выражению: 
2025-05-28T15:48:57.365+03:00 appender 17168 --- [http-nio-8081-exec-8] c.e.uploadingfiles.StickersService       : hashResult не соответствует регулярному выражению: 
2025-05-28T15:48:57.371+03:00 appender 17168 --- [http-nio-8081-exec-8] c.e.uploadingfiles.StickersService       : hashResult не соответствует регулярному выражению: 
2025-05-28T15:48:57.382+03:00 appender 17168 --- [http-nio-8081-exec-8] c.e.uploadingfiles.StickersService       : hashResult не соответствует регулярному выражению: 
2025-05-28T15:48:57.384+03:00 appender 17168 --- [http-nio-8081-exec-8] c.e.uploadingfiles.StickersService       : hashResult не соответствует регулярному выражению: 
2025-05-28T15:48:57.385+03:00 appender 17168 --- [http-nio-8081-exec-8] c.e.uploadingfiles.StickersService       : hashResult не соответствует регулярному выражению: 
2025-05-28T15:48:57.398+03:00 appender 17168 --- [http-nio-8081-exec-8] c.e.uploadingfiles.StickersService       : hashResult не соответствует регулярному выражению: 
2025-05-28T15:48:57.400+03:00 appender 17168 --- [http-nio-8081-exec-8] c.e.uploadingfiles.StickersService       : hashResult не соответствует регулярному выражению: 
2025-05-28T15:48:57.400+03:00 appender 17168 --- [http-nio-8081-exec-8] c.e.uploadingfiles.StickersService       : hashResult не соответствует регулярному выражению: 
2025-05-28T15:48:57.400+03:00 appender 17168 --- [http-nio-8081-exec-8] c.e.uploadingfiles.StickersService       : hashResult не соответствует регулярному выражению: 
2025-05-28T15:48:57.400+03:00 appender 17168 --- [http-nio-8081-exec-8] c.e.uploadingfiles.StickersService       : hashResult не соответствует регулярному выражению: 
2025-05-28T15:48:57.402+03:00 appender 17168 --- [http-nio-8081-exec-8] c.e.uploadingfiles.StickersService       : hashResult не соответствует регулярному выражению: 
2025-05-28T15:48:57.402+03:00 appender 17168 --- [http-nio-8081-exec-8] c.e.uploadingfiles.StickersService       : hashResult не соответствует регулярному выражению: 
2025-05-28T15:48:57.402+03:00 appender 17168 --- [http-nio-8081-exec-8] c.e.uploadingfiles.StickersService       : hashResult не соответствует регулярному выражению: 
2025-05-28T15:48:57.402+03:00 appender 17168 --- [http-nio-8081-exec-8] c.e.uploadingfiles.StickersService       : hashResult не соответствует регулярному выражению: 
2025-05-28T15:48:57.404+03:00 appender 17168 --- [http-nio-8081-exec-8] c.e.uploadingfiles.StickersService       : hashResult не соответствует регулярному выражению: 
2025-05-28T15:48:57.404+03:00 appender 17168 --- [http-nio-8081-exec-8] c.e.uploadingfiles.StickersService       : hashResult не соответствует регулярному выражению: 
2025-05-28T15:48:57.404+03:00 appender 17168 --- [http-nio-8081-exec-8] c.e.uploadingfiles.StickersService       : hashResult не соответствует регулярному выражению: 
2025-05-28T15:48:57.411+03:00 appender 17168 --- [http-nio-8081-exec-8] c.e.uploadingfiles.StickersService       : hashResult не соответствует регулярному выражению: 
2025-05-28T15:48:57.413+03:00 appender 17168 --- [http-nio-8081-exec-8] c.e.uploadingfiles.StickersService       : hashResult не соответствует регулярному выражению: 
2025-05-28T15:48:57.413+03:00 appender 17168 --- [http-nio-8081-exec-8] c.e.uploadingfiles.StickersService       : hashResult не соответствует регулярному выражению: 
2025-05-28T15:48:57.415+03:00 appender 17168 --- [http-nio-8081-exec-8] c.e.uploadingfiles.StickersService       : hashResult не соответствует регулярному выражению: 
2025-05-28T15:48:57.415+03:00 appender 17168 --- [http-nio-8081-exec-8] c.e.uploadingfiles.StickersService       : hashResult не соответствует регулярному выражению: 
2025-05-28T15:48:57.417+03:00 appender 17168 --- [http-nio-8081-exec-8] c.e.uploadingfiles.StickersService       : hashResult не соответствует регулярному выражению: 
2025-05-28T15:48:57.417+03:00 appender 17168 --- [http-nio-8081-exec-8] c.e.uploadingfiles.StickersService       : hashResult не соответствует регулярному выражению: 
2025-05-28T15:48:57.417+03:00 appender 17168 --- [http-nio-8081-exec-8] c.e.uploadingfiles.StickersService       : hashResult не соответствует регулярному выражению: 
2025-05-28T15:48:57.417+03:00 appender 17168 --- [http-nio-8081-exec-8] c.e.uploadingfiles.StickersService       : hashResult не соответствует регулярному выражению: 
2025-05-28T15:48:57.419+03:00 appender 17168 --- [http-nio-8081-exec-8] c.e.uploadingfiles.StickersService       : hashResult не соответствует регулярному выражению: 
2025-05-28T15:48:57.419+03:00 appender 17168 --- [http-nio-8081-exec-8] c.e.uploadingfiles.StickersService       : hashResult не соответствует регулярному выражению: 
2025-05-28T15:48:57.419+03:00 appender 17168 --- [http-nio-8081-exec-8] c.e.uploadingfiles.StickersService       : hashResult не соответствует регулярному выражению: 
2025-05-28T15:48:59.817+03:00 appender 17168 --- [http-nio-8081-exec-8] c.e.uploadingfiles.StickersService       : hashResult не соответствует регулярному выражению: 
2025-05-28T15:48:59.817+03:00 appender 17168 --- [http-nio-8081-exec-8] c.e.uploadingfiles.StickersService       : hashResult не соответствует регулярному выражению: 
2025-05-28T15:48:59.819+03:00 appender 17168 --- [http-nio-8081-exec-8] c.e.uploadingfiles.StickersService       : hashResult не соответствует регулярному выражению: 
2025-05-28T15:48:59.819+03:00 appender 17168 --- [http-nio-8081-exec-8] c.e.uploadingfiles.StickersService       : hashResult не соответствует регулярному выражению: 
2025-05-28T15:48:59.819+03:00 appender 17168 --- [http-nio-8081-exec-8] c.e.uploadingfiles.StickersService       : hashResult не соответствует регулярному выражению: 
2025-05-28T15:48:59.819+03:00 appender 17168 --- [http-nio-8081-exec-8] c.e.uploadingfiles.StickersService       : hashResult не соответствует регулярному выражению: 
2025-05-28T15:48:59.819+03:00 appender 17168 --- [http-nio-8081-exec-8] c.e.uploadingfiles.StickersService       : hashResult не соответствует регулярному выражению: 
2025-05-28T15:48:59.819+03:00 appender 17168 --- [http-nio-8081-exec-8] c.e.uploadingfiles.StickersService       : hashResult не соответствует регулярному выражению: 
2025-05-28T15:49:00.566+03:00 appender 17168 --- [http-nio-8081-exec-8] c.e.uploadingfiles.StickersService       : hashResult не соответствует регулярному выражению: 
2025-05-28T15:49:03.430+03:00 appender 17168 --- [http-nio-8081-exec-8] c.e.uploadingfiles.StickersService       : hashResult не соответствует регулярному выражению: 
2025-05-28T15:49:03.431+03:00 appender 17168 --- [http-nio-8081-exec-8] c.e.uploadingfiles.StickersService       : hashResult не соответствует регулярному выражению: 
2025-05-28T15:49:03.432+03:00 appender 17168 --- [http-nio-8081-exec-8] c.e.uploadingfiles.StickersService       : hashResult не соответствует регулярному выражению: 
2025-05-28T15:49:03.432+03:00 appender 17168 --- [http-nio-8081-exec-8] c.e.uploadingfiles.StickersService       : hashResult не соответствует регулярному выражению: 
2025-05-28T15:49:03.433+03:00 appender 17168 --- [http-nio-8081-exec-8] c.e.uploadingfiles.StickersService       : hashResult не соответствует регулярному выражению: 
2025-05-28T15:49:03.433+03:00 appender 17168 --- [http-nio-8081-exec-8] c.e.uploadingfiles.StickersService       : hashResult не соответствует регулярному выражению: 
2025-05-28T15:49:04.020+03:00 appender 17168 --- [http-nio-8081-exec-6] c.e.u.FileUploadRestController           : Mapped file wb-gi-108241588.pdf to URL: http://127.0.0.1:8081/api/files/wb-gi-108241588.pdf
2025-05-28T15:49:04.020+03:00 appender 17168 --- [http-nio-8081-exec-6] c.e.u.FileUploadRestController           : Total files found: 1
2025-05-28T15:49:22.730+03:00 appender 17168 --- [http-nio-8081-exec-2] c.e.u.FileUploadRestController           : start POST request
2025-05-28T15:49:22.730+03:00 appender 17168 --- [http-nio-8081-exec-2] c.e.u.FileUploadRestController           : 1.******* start proceed file: wb-gi-108241511.xlsx size: 15715
2025-05-28T15:49:22.730+03:00 appender 17168 --- [http-nio-8081-exec-2] c.e.u.FileUploadRestController           : 1.1.******* Service created
2025-05-28T15:49:22.828+03:00 appender 17168 --- [http-nio-8081-exec-2] c.e.uploadingfiles.ExcelReadService      : Обработан файл заказа wb-gi-108241511.xlsx за 0.0938602 сек.
2025-05-28T15:49:22.833+03:00 appender 17168 --- [http-nio-8081-exec-2] c.e.uploadingfiles.StickersService       : ******************начало обработки списка на 69 элементов*****************
2025-05-28T15:49:22.833+03:00 appender 17168 --- [http-nio-8081-exec-2] c.e.uploadingfiles.StickersService       : hashResult не соответствует регулярному выражению: 
2025-05-28T15:49:22.833+03:00 appender 17168 --- [http-nio-8081-exec-2] c.e.uploadingfiles.StickersService       : hashResult не соответствует регулярному выражению: 
2025-05-28T15:49:22.833+03:00 appender 17168 --- [http-nio-8081-exec-2] c.e.uploadingfiles.StickersService       : hashResult не соответствует регулярному выражению: 
2025-05-28T15:49:22.833+03:00 appender 17168 --- [http-nio-8081-exec-2] c.e.uploadingfiles.StickersService       : hashResult не соответствует регулярному выражению: 
2025-05-28T15:49:22.838+03:00 appender 17168 --- [http-nio-8081-exec-2] c.e.uploadingfiles.StickersService       : hashResult не соответствует регулярному выражению: 
2025-05-28T15:49:22.848+03:00 appender 17168 --- [http-nio-8081-exec-2] c.e.uploadingfiles.StickersService       : hashResult не соответствует регулярному выражению: 
2025-05-28T15:49:22.851+03:00 appender 17168 --- [http-nio-8081-exec-2] c.e.uploadingfiles.StickersService       : hashResult не соответствует регулярному выражению: 
2025-05-28T15:49:22.852+03:00 appender 17168 --- [http-nio-8081-exec-2] c.e.uploadingfiles.StickersService       : hashResult не соответствует регулярному выражению: 
2025-05-28T15:49:22.853+03:00 appender 17168 --- [http-nio-8081-exec-2] c.e.uploadingfiles.StickersService       : hashResult не соответствует регулярному выражению: 
2025-05-28T15:49:22.854+03:00 appender 17168 --- [http-nio-8081-exec-2] c.e.uploadingfiles.StickersService       : hashResult не соответствует регулярному выражению: 
2025-05-28T15:49:22.860+03:00 appender 17168 --- [http-nio-8081-exec-2] c.e.uploadingfiles.StickersService       : hashResult не соответствует регулярному выражению: 
2025-05-28T15:49:22.864+03:00 appender 17168 --- [http-nio-8081-exec-2] c.e.uploadingfiles.StickersService       : hashResult не соответствует регулярному выражению: 
2025-05-28T15:49:22.865+03:00 appender 17168 --- [http-nio-8081-exec-2] c.e.uploadingfiles.StickersService       : hashResult не соответствует регулярному выражению: 
2025-05-28T15:49:22.866+03:00 appender 17168 --- [http-nio-8081-exec-2] c.e.uploadingfiles.StickersService       : hashResult не соответствует регулярному выражению: 
2025-05-28T15:49:22.868+03:00 appender 17168 --- [http-nio-8081-exec-2] c.e.uploadingfiles.StickersService       : hashResult не соответствует регулярному выражению: 
2025-05-28T15:49:22.868+03:00 appender 17168 --- [http-nio-8081-exec-2] c.e.uploadingfiles.StickersService       : hashResult не соответствует регулярному выражению: 
2025-05-28T15:49:22.869+03:00 appender 17168 --- [http-nio-8081-exec-2] c.e.uploadingfiles.StickersService       : hashResult не соответствует регулярному выражению: 
2025-05-28T15:49:22.871+03:00 appender 17168 --- [http-nio-8081-exec-2] c.e.uploadingfiles.StickersService       : hashResult не соответствует регулярному выражению: 
2025-05-28T15:49:22.872+03:00 appender 17168 --- [http-nio-8081-exec-2] c.e.uploadingfiles.StickersService       : hashResult не соответствует регулярному выражению: 
2025-05-28T15:49:22.876+03:00 appender 17168 --- [http-nio-8081-exec-2] c.e.uploadingfiles.StickersService       : hashResult не соответствует регулярному выражению: 
2025-05-28T15:49:22.877+03:00 appender 17168 --- [http-nio-8081-exec-2] c.e.uploadingfiles.StickersService       : hashResult не соответствует регулярному выражению: 
2025-05-28T15:49:22.877+03:00 appender 17168 --- [http-nio-8081-exec-2] c.e.uploadingfiles.StickersService       : hashResult не соответствует регулярному выражению: 
2025-05-28T15:49:22.878+03:00 appender 17168 --- [http-nio-8081-exec-2] c.e.uploadingfiles.StickersService       : hashResult не соответствует регулярному выражению: 
2025-05-28T15:49:22.878+03:00 appender 17168 --- [http-nio-8081-exec-2] c.e.uploadingfiles.StickersService       : hashResult не соответствует регулярному выражению: 
2025-05-28T15:49:22.879+03:00 appender 17168 --- [http-nio-8081-exec-2] c.e.uploadingfiles.StickersService       : hashResult не соответствует регулярному выражению: 
2025-05-28T15:49:22.879+03:00 appender 17168 --- [http-nio-8081-exec-2] c.e.uploadingfiles.StickersService       : hashResult не соответствует регулярному выражению: 
2025-05-28T15:49:22.880+03:00 appender 17168 --- [http-nio-8081-exec-2] c.e.uploadingfiles.StickersService       : hashResult не соответствует регулярному выражению: 
2025-05-28T15:49:22.880+03:00 appender 17168 --- [http-nio-8081-exec-2] c.e.uploadingfiles.StickersService       : hashResult не соответствует регулярному выражению: 
2025-05-28T15:49:22.884+03:00 appender 17168 --- [http-nio-8081-exec-2] c.e.uploadingfiles.StickersService       : hashResult не соответствует регулярному выражению: 
2025-05-28T15:49:22.884+03:00 appender 17168 --- [http-nio-8081-exec-2] c.e.uploadingfiles.StickersService       : hashResult не соответствует регулярному выражению: 
2025-05-28T15:49:22.884+03:00 appender 17168 --- [http-nio-8081-exec-2] c.e.uploadingfiles.StickersService       : hashResult не соответствует регулярному выражению: 
2025-05-28T15:49:22.886+03:00 appender 17168 --- [http-nio-8081-exec-2] c.e.uploadingfiles.StickersService       : hashResult не соответствует регулярному выражению: 
2025-05-28T15:49:22.886+03:00 appender 17168 --- [http-nio-8081-exec-2] c.e.uploadingfiles.StickersService       : hashResult не соответствует регулярному выражению: 
2025-05-28T15:49:22.886+03:00 appender 17168 --- [http-nio-8081-exec-2] c.e.uploadingfiles.StickersService       : hashResult не соответствует регулярному выражению: 
2025-05-28T15:49:22.886+03:00 appender 17168 --- [http-nio-8081-exec-2] c.e.uploadingfiles.StickersService       : hashResult не соответствует регулярному выражению: 
2025-05-28T15:49:24.147+03:00 appender 17168 --- [http-nio-8081-exec-2] c.e.uploadingfiles.StickersService       : hashResult не соответствует регулярному выражению: 
2025-05-28T15:49:24.153+03:00 appender 17168 --- [http-nio-8081-exec-2] c.e.uploadingfiles.StickersService       : hashResult не соответствует регулярному выражению: 
2025-05-28T15:49:24.153+03:00 appender 17168 --- [http-nio-8081-exec-2] c.e.uploadingfiles.StickersService       : hashResult не соответствует регулярному выражению: 
2025-05-28T15:49:24.159+03:00 appender 17168 --- [http-nio-8081-exec-2] c.e.uploadingfiles.StickersService       : hashResult не соответствует регулярному выражению: 
2025-05-28T15:49:24.163+03:00 appender 17168 --- [http-nio-8081-exec-2] c.e.uploadingfiles.StickersService       : hashResult не соответствует регулярному выражению: 
2025-05-28T15:49:24.167+03:00 appender 17168 --- [http-nio-8081-exec-2] c.e.uploadingfiles.StickersService       : hashResult не соответствует регулярному выражению: 
2025-05-28T15:49:24.169+03:00 appender 17168 --- [http-nio-8081-exec-2] c.e.uploadingfiles.StickersService       : hashResult не соответствует регулярному выражению: 
2025-05-28T15:49:24.171+03:00 appender 17168 --- [http-nio-8081-exec-2] c.e.uploadingfiles.StickersService       : hashResult не соответствует регулярному выражению: 
2025-05-28T15:49:24.841+03:00 appender 17168 --- [http-nio-8081-exec-2] c.e.uploadingfiles.StickersService       : hashResult не соответствует регулярному выражению: 
2025-05-28T15:49:26.942+03:00 appender 17168 --- [http-nio-8081-exec-2] c.e.uploadingfiles.StickersService       : hashResult не соответствует регулярному выражению: 
2025-05-28T15:49:26.946+03:00 appender 17168 --- [http-nio-8081-exec-2] c.e.uploadingfiles.StickersService       : hashResult не соответствует регулярному выражению: 
2025-05-28T15:49:26.948+03:00 appender 17168 --- [http-nio-8081-exec-2] c.e.uploadingfiles.StickersService       : hashResult не соответствует регулярному выражению: 
2025-05-28T15:49:26.948+03:00 appender 17168 --- [http-nio-8081-exec-2] c.e.uploadingfiles.StickersService       : hashResult не соответствует регулярному выражению: 
2025-05-28T15:49:26.951+03:00 appender 17168 --- [http-nio-8081-exec-2] c.e.uploadingfiles.StickersService       : hashResult не соответствует регулярному выражению: 
2025-05-28T15:49:26.951+03:00 appender 17168 --- [http-nio-8081-exec-2] c.e.uploadingfiles.StickersService       : hashResult не соответствует регулярному выражению: 
2025-05-28T15:49:27.430+03:00 appender 17168 --- [http-nio-8081-exec-1] c.e.u.FileUploadRestController           : Mapped file wb-gi-108241511.pdf to URL: http://127.0.0.1:8081/api/files/wb-gi-108241511.pdf
2025-05-28T15:49:27.439+03:00 appender 17168 --- [http-nio-8081-exec-1] c.e.u.FileUploadRestController           : Mapped file wb-gi-108241588.pdf to URL: http://127.0.0.1:8081/api/files/wb-gi-108241588.pdf
2025-05-28T15:49:27.439+03:00 appender 17168 --- [http-nio-8081-exec-1] c.e.u.FileUploadRestController           : Total files found: 2
2025-05-28T15:51:28.852+03:00 appender 17168 --- [http-nio-8081-exec-7] c.e.u.FileUploadRestController           : Mapped file wb-gi-108241511.pdf to URL: http://127.0.0.1:8081/api/files/wb-gi-108241511.pdf
2025-05-28T15:51:28.853+03:00 appender 17168 --- [http-nio-8081-exec-7] c.e.u.FileUploadRestController           : Mapped file wb-gi-108241588.pdf to URL: http://127.0.0.1:8081/api/files/wb-gi-108241588.pdf
2025-05-28T15:51:28.854+03:00 appender 17168 --- [http-nio-8081-exec-7] c.e.u.FileUploadRestController           : Total files found: 2
2025-05-28T15:51:35.996+03:00 appender 17168 --- [http-nio-8081-exec-8] c.e.u.FileUploadRestController           : Mapped file wb-gi-108241511.pdf to URL: http://127.0.0.1:8081/api/files/wb-gi-108241511.pdf
2025-05-28T15:51:35.998+03:00 appender 17168 --- [http-nio-8081-exec-8] c.e.u.FileUploadRestController           : Mapped file wb-gi-108241588.pdf to URL: http://127.0.0.1:8081/api/files/wb-gi-108241588.pdf
2025-05-28T15:51:35.999+03:00 appender 17168 --- [http-nio-8081-exec-8] c.e.u.FileUploadRestController           : Total files found: 2
2025-05-28T15:53:16.855+03:00 appender 17168 --- [http-nio-8081-exec-9] c.e.u.FileUploadRestController           : Mapped file wb-gi-108241511.pdf to URL: http://127.0.0.1:8081/api/files/wb-gi-108241511.pdf
2025-05-28T15:53:16.856+03:00 appender 17168 --- [http-nio-8081-exec-9] c.e.u.FileUploadRestController           : Mapped file wb-gi-108241588.pdf to URL: http://127.0.0.1:8081/api/files/wb-gi-108241588.pdf
2025-05-28T15:53:16.857+03:00 appender 17168 --- [http-nio-8081-exec-9] c.e.u.FileUploadRestController           : Total files found: 2
2025-05-28T15:55:54.609+03:00 appender 17168 --- [http-nio-8081-exec-4] c.e.u.FileUploadRestController           : start POST request
2025-05-28T15:55:54.609+03:00 appender 17168 --- [http-nio-8081-exec-4] c.e.u.FileUploadRestController           : 1.******* start proceed file: wb-gi-108241511.xlsx size: 15715
2025-05-28T15:55:54.612+03:00 appender 17168 --- [http-nio-8081-exec-4] c.e.u.FileUploadRestController           : 1.1.******* Service created
2025-05-28T15:55:54.662+03:00 appender 17168 --- [http-nio-8081-exec-4] c.e.uploadingfiles.ExcelReadService      : Обработан файл заказа wb-gi-108241511.xlsx за 0.051307401 сек.
2025-05-28T15:55:54.662+03:00 appender 17168 --- [http-nio-8081-exec-4] c.e.uploadingfiles.StickersService       : ******************начало обработки списка на 69 элементов*****************
2025-05-28T15:55:54.662+03:00 appender 17168 --- [http-nio-8081-exec-4] c.e.uploadingfiles.StickersService       : hashResult не соответствует регулярному выражению: 
2025-05-28T15:55:54.662+03:00 appender 17168 --- [http-nio-8081-exec-4] c.e.uploadingfiles.StickersService       : hashResult не соответствует регулярному выражению: 
2025-05-28T15:55:54.662+03:00 appender 17168 --- [http-nio-8081-exec-4] c.e.uploadingfiles.StickersService       : hashResult не соответствует регулярному выражению: 
2025-05-28T15:55:54.662+03:00 appender 17168 --- [http-nio-8081-exec-4] c.e.uploadingfiles.StickersService       : hashResult не соответствует регулярному выражению: 
2025-05-28T15:55:54.662+03:00 appender 17168 --- [http-nio-8081-exec-4] c.e.uploadingfiles.StickersService       : hashResult не соответствует регулярному выражению: 
2025-05-28T15:55:54.662+03:00 appender 17168 --- [http-nio-8081-exec-4] c.e.uploadingfiles.StickersService       : hashResult не соответствует регулярному выражению: 
2025-05-28T15:55:54.662+03:00 appender 17168 --- [http-nio-8081-exec-4] c.e.uploadingfiles.StickersService       : hashResult не соответствует регулярному выражению: 
2025-05-28T15:55:54.662+03:00 appender 17168 --- [http-nio-8081-exec-4] c.e.uploadingfiles.StickersService       : hashResult не соответствует регулярному выражению: 
2025-05-28T15:55:54.662+03:00 appender 17168 --- [http-nio-8081-exec-4] c.e.uploadingfiles.StickersService       : hashResult не соответствует регулярному выражению: 
2025-05-28T15:55:54.662+03:00 appender 17168 --- [http-nio-8081-exec-4] c.e.uploadingfiles.StickersService       : hashResult не соответствует регулярному выражению: 
2025-05-28T15:55:54.662+03:00 appender 17168 --- [http-nio-8081-exec-4] c.e.uploadingfiles.StickersService       : hashResult не соответствует регулярному выражению: 
2025-05-28T15:55:54.662+03:00 appender 17168 --- [http-nio-8081-exec-4] c.e.uploadingfiles.StickersService       : hashResult не соответствует регулярному выражению: 
2025-05-28T15:55:54.662+03:00 appender 17168 --- [http-nio-8081-exec-4] c.e.uploadingfiles.StickersService       : hashResult не соответствует регулярному выражению: 
2025-05-28T15:55:54.662+03:00 appender 17168 --- [http-nio-8081-exec-4] c.e.uploadingfiles.StickersService       : hashResult не соответствует регулярному выражению: 
2025-05-28T15:55:54.662+03:00 appender 17168 --- [http-nio-8081-exec-4] c.e.uploadingfiles.StickersService       : hashResult не соответствует регулярному выражению: 
2025-05-28T15:55:54.662+03:00 appender 17168 --- [http-nio-8081-exec-4] c.e.uploadingfiles.StickersService       : hashResult не соответствует регулярному выражению: 
2025-05-28T15:55:54.662+03:00 appender 17168 --- [http-nio-8081-exec-4] c.e.uploadingfiles.StickersService       : hashResult не соответствует регулярному выражению: 
2025-05-28T15:55:54.662+03:00 appender 17168 --- [http-nio-8081-exec-4] c.e.uploadingfiles.StickersService       : hashResult не соответствует регулярному выражению: 
2025-05-28T15:55:54.662+03:00 appender 17168 --- [http-nio-8081-exec-4] c.e.uploadingfiles.StickersService       : hashResult не соответствует регулярному выражению: 
2025-05-28T15:55:54.662+03:00 appender 17168 --- [http-nio-8081-exec-4] c.e.uploadingfiles.StickersService       : hashResult не соответствует регулярному выражению: 
2025-05-28T15:55:54.662+03:00 appender 17168 --- [http-nio-8081-exec-4] c.e.uploadingfiles.StickersService       : hashResult не соответствует регулярному выражению: 
2025-05-28T15:55:54.676+03:00 appender 17168 --- [http-nio-8081-exec-4] c.e.uploadingfiles.StickersService       : hashResult не соответствует регулярному выражению: 
2025-05-28T15:55:54.678+03:00 appender 17168 --- [http-nio-8081-exec-4] c.e.uploadingfiles.StickersService       : hashResult не соответствует регулярному выражению: 
2025-05-28T15:55:54.678+03:00 appender 17168 --- [http-nio-8081-exec-4] c.e.uploadingfiles.StickersService       : hashResult не соответствует регулярному выражению: 
2025-05-28T15:55:54.681+03:00 appender 17168 --- [http-nio-8081-exec-4] c.e.uploadingfiles.StickersService       : hashResult не соответствует регулярному выражению: 
2025-05-28T15:55:54.681+03:00 appender 17168 --- [http-nio-8081-exec-4] c.e.uploadingfiles.StickersService       : hashResult не соответствует регулярному выражению: 
2025-05-28T15:55:54.682+03:00 appender 17168 --- [http-nio-8081-exec-4] c.e.uploadingfiles.StickersService       : hashResult не соответствует регулярному выражению: 
2025-05-28T15:55:54.682+03:00 appender 17168 --- [http-nio-8081-exec-4] c.e.uploadingfiles.StickersService       : hashResult не соответствует регулярному выражению: 
2025-05-28T15:55:54.683+03:00 appender 17168 --- [http-nio-8081-exec-4] c.e.uploadingfiles.StickersService       : hashResult не соответствует регулярному выражению: 
2025-05-28T15:55:54.683+03:00 appender 17168 --- [http-nio-8081-exec-4] c.e.uploadingfiles.StickersService       : hashResult не соответствует регулярному выражению: 
2025-05-28T15:55:54.684+03:00 appender 17168 --- [http-nio-8081-exec-4] c.e.uploadingfiles.StickersService       : hashResult не соответствует регулярному выражению: 
2025-05-28T15:55:54.684+03:00 appender 17168 --- [http-nio-8081-exec-4] c.e.uploadingfiles.StickersService       : hashResult не соответствует регулярному выражению: 
2025-05-28T15:55:54.685+03:00 appender 17168 --- [http-nio-8081-exec-4] c.e.uploadingfiles.StickersService       : hashResult не соответствует регулярному выражению: 
2025-05-28T15:55:54.685+03:00 appender 17168 --- [http-nio-8081-exec-4] c.e.uploadingfiles.StickersService       : hashResult не соответствует регулярному выражению: 
2025-05-28T15:55:54.686+03:00 appender 17168 --- [http-nio-8081-exec-4] c.e.uploadingfiles.StickersService       : hashResult не соответствует регулярному выражению: 
2025-05-28T15:55:55.095+03:00 appender 17168 --- [http-nio-8081-exec-4] c.e.uploadingfiles.StickersService       : hashResult не соответствует регулярному выражению: 
2025-05-28T15:55:55.095+03:00 appender 17168 --- [http-nio-8081-exec-4] c.e.uploadingfiles.StickersService       : hashResult не соответствует регулярному выражению: 
2025-05-28T15:55:55.120+03:00 appender 17168 --- [http-nio-8081-exec-4] c.e.uploadingfiles.StickersService       : hashResult не соответствует регулярному выражению: 
2025-05-28T15:55:55.149+03:00 appender 17168 --- [http-nio-8081-exec-4] c.e.uploadingfiles.StickersService       : hashResult не соответствует регулярному выражению: 
2025-05-28T15:55:55.156+03:00 appender 17168 --- [http-nio-8081-exec-4] c.e.uploadingfiles.StickersService       : hashResult не соответствует регулярному выражению: 
2025-05-28T15:55:55.162+03:00 appender 17168 --- [http-nio-8081-exec-4] c.e.uploadingfiles.StickersService       : hashResult не соответствует регулярному выражению: 
2025-05-28T15:55:55.166+03:00 appender 17168 --- [http-nio-8081-exec-4] c.e.uploadingfiles.StickersService       : hashResult не соответствует регулярному выражению: 
2025-05-28T15:55:55.170+03:00 appender 17168 --- [http-nio-8081-exec-4] c.e.uploadingfiles.StickersService       : hashResult не соответствует регулярному выражению: 
2025-05-28T15:55:56.067+03:00 appender 17168 --- [http-nio-8081-exec-4] c.e.uploadingfiles.StickersService       : hashResult не соответствует регулярному выражению: 
2025-05-28T15:55:58.375+03:00 appender 17168 --- [http-nio-8081-exec-4] c.e.uploadingfiles.StickersService       : hashResult не соответствует регулярному выражению: 
2025-05-28T15:55:58.376+03:00 appender 17168 --- [http-nio-8081-exec-4] c.e.uploadingfiles.StickersService       : hashResult не соответствует регулярному выражению: 
2025-05-28T15:55:58.376+03:00 appender 17168 --- [http-nio-8081-exec-4] c.e.uploadingfiles.StickersService       : hashResult не соответствует регулярному выражению: 
2025-05-28T15:55:58.376+03:00 appender 17168 --- [http-nio-8081-exec-4] c.e.uploadingfiles.StickersService       : hashResult не соответствует регулярному выражению: 
2025-05-28T15:55:58.376+03:00 appender 17168 --- [http-nio-8081-exec-4] c.e.uploadingfiles.StickersService       : hashResult не соответствует регулярному выражению: 
2025-05-28T15:55:58.376+03:00 appender 17168 --- [http-nio-8081-exec-4] c.e.uploadingfiles.StickersService       : hashResult не соответствует регулярному выражению: 
2025-05-28T15:55:58.854+03:00 appender 17168 --- [http-nio-8081-exec-3] c.e.u.FileUploadRestController           : Mapped file wb-gi-108241511.pdf to URL: http://127.0.0.1:8081/api/files/wb-gi-108241511.pdf
2025-05-28T15:55:58.854+03:00 appender 17168 --- [http-nio-8081-exec-3] c.e.u.FileUploadRestController           : Mapped file wb-gi-108241588.pdf to URL: http://127.0.0.1:8081/api/files/wb-gi-108241588.pdf
2025-05-28T15:55:58.856+03:00 appender 17168 --- [http-nio-8081-exec-3] c.e.u.FileUploadRestController           : Total files found: 2
2025-05-28T15:56:37.922+03:00 appender 17168 --- [http-nio-8081-exec-2] c.e.u.FileUploadRestController           : start POST request
2025-05-28T15:56:37.923+03:00 appender 17168 --- [http-nio-8081-exec-2] c.e.u.FileUploadRestController           : 1.******* start proceed file: wb-gi-130335099.xlsx size: 22513
2025-05-28T15:56:37.924+03:00 appender 17168 --- [http-nio-8081-exec-2] c.e.u.FileUploadRestController           : 1.1.******* Service created
2025-05-28T15:56:37.991+03:00 appender 17168 --- [http-nio-8081-exec-2] c.e.uploadingfiles.ExcelReadService      : Обработан файл заказа wb-gi-130335099.xlsx за 0.067429499 сек.
2025-05-28T15:56:37.995+03:00 appender 17168 --- [http-nio-8081-exec-2] c.e.uploadingfiles.StickersService       : ******************начало обработки списка на 112 элементов*****************
2025-05-28T15:56:37.996+03:00 appender 17168 --- [http-nio-8081-exec-2] c.e.uploadingfiles.StickersService       : hashResult не соответствует регулярному выражению: 
2025-05-28T15:56:37.997+03:00 appender 17168 --- [http-nio-8081-exec-2] c.e.uploadingfiles.StickersService       : hashResult не соответствует регулярному выражению: 
2025-05-28T15:56:37.998+03:00 appender 17168 --- [http-nio-8081-exec-2] c.e.uploadingfiles.StickersService       : hashResult не соответствует регулярному выражению: 
2025-05-28T15:56:38.001+03:00 appender 17168 --- [http-nio-8081-exec-2] c.e.uploadingfiles.StickersService       : hashResult не соответствует регулярному выражению: 
2025-05-28T15:56:38.002+03:00 appender 17168 --- [http-nio-8081-exec-2] c.e.uploadingfiles.StickersService       : hashResult не соответствует регулярному выражению: 
2025-05-28T15:56:38.004+03:00 appender 17168 --- [http-nio-8081-exec-2] c.e.uploadingfiles.StickersService       : hashResult не соответствует регулярному выражению: 
2025-05-28T15:56:38.004+03:00 appender 17168 --- [http-nio-8081-exec-2] c.e.uploadingfiles.StickersService       : hashResult не соответствует регулярному выражению: 
2025-05-28T15:56:38.006+03:00 appender 17168 --- [http-nio-8081-exec-2] c.e.uploadingfiles.StickersService       : hashResult не соответствует регулярному выражению: 
2025-05-28T15:56:38.007+03:00 appender 17168 --- [http-nio-8081-exec-2] c.e.uploadingfiles.StickersService       : hashResult не соответствует регулярному выражению: 
2025-05-28T15:56:38.007+03:00 appender 17168 --- [http-nio-8081-exec-2] c.e.uploadingfiles.StickersService       : hashResult не соответствует регулярному выражению: 
2025-05-28T15:56:38.008+03:00 appender 17168 --- [http-nio-8081-exec-2] c.e.uploadingfiles.StickersService       : hashResult не соответствует регулярному выражению: 
2025-05-28T15:56:38.010+03:00 appender 17168 --- [http-nio-8081-exec-2] c.e.uploadingfiles.StickersService       : hashResult не соответствует регулярному выражению: 
2025-05-28T15:56:38.011+03:00 appender 17168 --- [http-nio-8081-exec-2] c.e.uploadingfiles.StickersService       : hashResult не соответствует регулярному выражению: 
2025-05-28T15:56:38.012+03:00 appender 17168 --- [http-nio-8081-exec-2] c.e.uploadingfiles.StickersService       : hashResult не соответствует регулярному выражению: 
2025-05-28T15:56:38.012+03:00 appender 17168 --- [http-nio-8081-exec-2] c.e.uploadingfiles.StickersService       : hashResult не соответствует регулярному выражению: 
2025-05-28T15:56:38.014+03:00 appender 17168 --- [http-nio-8081-exec-2] c.e.uploadingfiles.StickersService       : hashResult не соответствует регулярному выражению: 
2025-05-28T15:56:38.266+03:00 appender 17168 --- [http-nio-8081-exec-2] c.e.uploadingfiles.StickersService       : hashResult не соответствует регулярному выражению: 
2025-05-28T15:56:39.134+03:00 appender 17168 --- [http-nio-8081-exec-2] c.e.uploadingfiles.StickersService       : hashResult не соответствует регулярному выражению: 
2025-05-28T15:56:39.134+03:00 appender 17168 --- [http-nio-8081-exec-2] c.e.uploadingfiles.StickersService       : hashResult не соответствует регулярному выражению: 
2025-05-28T15:56:39.135+03:00 appender 17168 --- [http-nio-8081-exec-2] c.e.uploadingfiles.StickersService       : hashResult не соответствует регулярному выражению: 
2025-05-28T15:56:39.135+03:00 appender 17168 --- [http-nio-8081-exec-2] c.e.uploadingfiles.StickersService       : hashResult не соответствует регулярному выражению: 
2025-05-28T15:56:39.135+03:00 appender 17168 --- [http-nio-8081-exec-2] c.e.uploadingfiles.StickersService       : hashResult не соответствует регулярному выражению: 
2025-05-28T15:56:40.039+03:00 appender 17168 --- [http-nio-8081-exec-2] c.e.uploadingfiles.StickersService       : hashResult не соответствует регулярному выражению: 
2025-05-28T15:56:40.041+03:00 appender 17168 --- [http-nio-8081-exec-2] c.e.uploadingfiles.StickersService       : hashResult не соответствует регулярному выражению: 
2025-05-28T15:56:40.811+03:00 appender 17168 --- [http-nio-8081-exec-2] c.e.uploadingfiles.StickersService       : hashResult не соответствует регулярному выражению: 
2025-05-28T15:56:40.811+03:00 appender 17168 --- [http-nio-8081-exec-2] c.e.uploadingfiles.StickersService       : hashResult не соответствует регулярному выражению: 
2025-05-28T15:56:40.812+03:00 appender 17168 --- [http-nio-8081-exec-2] c.e.uploadingfiles.StickersService       : hashResult не соответствует регулярному выражению: 
2025-05-28T15:56:40.812+03:00 appender 17168 --- [http-nio-8081-exec-2] c.e.uploadingfiles.StickersService       : hashResult не соответствует регулярному выражению: 
2025-05-28T15:56:40.813+03:00 appender 17168 --- [http-nio-8081-exec-2] c.e.uploadingfiles.StickersService       : hashResult не соответствует регулярному выражению: 
2025-05-28T15:56:40.813+03:00 appender 17168 --- [http-nio-8081-exec-2] c.e.uploadingfiles.StickersService       : hashResult не соответствует регулярному выражению: 
2025-05-28T15:56:40.813+03:00 appender 17168 --- [http-nio-8081-exec-2] c.e.uploadingfiles.StickersService       : hashResult не соответствует регулярному выражению: 
2025-05-28T15:56:40.814+03:00 appender 17168 --- [http-nio-8081-exec-2] c.e.uploadingfiles.StickersService       : hashResult не соответствует регулярному выражению: 
2025-05-28T15:56:40.814+03:00 appender 17168 --- [http-nio-8081-exec-2] c.e.uploadingfiles.StickersService       : hashResult не соответствует регулярному выражению: 
2025-05-28T15:56:40.815+03:00 appender 17168 --- [http-nio-8081-exec-2] c.e.uploadingfiles.StickersService       : hashResult не соответствует регулярному выражению: 
2025-05-28T15:56:40.815+03:00 appender 17168 --- [http-nio-8081-exec-2] c.e.uploadingfiles.StickersService       : hashResult не соответствует регулярному выражению: 
2025-05-28T15:56:40.815+03:00 appender 17168 --- [http-nio-8081-exec-2] c.e.uploadingfiles.StickersService       : hashResult не соответствует регулярному выражению: 
2025-05-28T15:56:40.816+03:00 appender 17168 --- [http-nio-8081-exec-2] c.e.uploadingfiles.StickersService       : hashResult не соответствует регулярному выражению: 
2025-05-28T15:56:40.963+03:00 appender 17168 --- [http-nio-8081-exec-2] c.e.uploadingfiles.StickersService       : hashResult не соответствует регулярному выражению: 
2025-05-28T15:56:41.123+03:00 appender 17168 --- [http-nio-8081-exec-2] c.e.uploadingfiles.StickersService       : hashResult не соответствует регулярному выражению: 
2025-05-28T15:56:41.124+03:00 appender 17168 --- [http-nio-8081-exec-2] c.e.uploadingfiles.StickersService       : hashResult не соответствует регулярному выражению: 
2025-05-28T15:56:41.124+03:00 appender 17168 --- [http-nio-8081-exec-2] c.e.uploadingfiles.StickersService       : hashResult не соответствует регулярному выражению: 
2025-05-28T15:56:41.124+03:00 appender 17168 --- [http-nio-8081-exec-2] c.e.uploadingfiles.StickersService       : hashResult не соответствует регулярному выражению: 
2025-05-28T15:56:41.124+03:00 appender 17168 --- [http-nio-8081-exec-2] c.e.uploadingfiles.StickersService       : hashResult не соответствует регулярному выражению: 
2025-05-28T15:56:41.124+03:00 appender 17168 --- [http-nio-8081-exec-2] c.e.uploadingfiles.StickersService       : hashResult не соответствует регулярному выражению: 
2025-05-28T15:56:41.125+03:00 appender 17168 --- [http-nio-8081-exec-2] c.e.uploadingfiles.StickersService       : hashResult не соответствует регулярному выражению: 
2025-05-28T15:56:41.125+03:00 appender 17168 --- [http-nio-8081-exec-2] c.e.uploadingfiles.StickersService       : hashResult не соответствует регулярному выражению: 
2025-05-28T15:56:41.251+03:00 appender 17168 --- [http-nio-8081-exec-2] c.e.uploadingfiles.StickersService       : hashResult не соответствует регулярному выражению: 
2025-05-28T15:56:41.252+03:00 appender 17168 --- [http-nio-8081-exec-2] c.e.uploadingfiles.StickersService       : hashResult не соответствует регулярному выражению: 
2025-05-28T15:56:41.253+03:00 appender 17168 --- [http-nio-8081-exec-2] c.e.uploadingfiles.StickersService       : hashResult не соответствует регулярному выражению: 
2025-05-28T15:56:41.513+03:00 appender 17168 --- [http-nio-8081-exec-2] c.e.uploadingfiles.StickersService       : hashResult не соответствует регулярному выражению: 
2025-05-28T15:56:41.514+03:00 appender 17168 --- [http-nio-8081-exec-2] c.e.uploadingfiles.StickersService       : hashResult не соответствует регулярному выражению: 
2025-05-28T15:56:42.822+03:00 appender 17168 --- [http-nio-8081-exec-2] c.e.uploadingfiles.StickersService       : hashResult не соответствует регулярному выражению: 
2025-05-28T15:56:42.822+03:00 appender 17168 --- [http-nio-8081-exec-2] c.e.uploadingfiles.StickersService       : hashResult не соответствует регулярному выражению: 
2025-05-28T15:56:42.822+03:00 appender 17168 --- [http-nio-8081-exec-2] c.e.uploadingfiles.StickersService       : hashResult не соответствует регулярному выражению: 
2025-05-28T15:56:42.823+03:00 appender 17168 --- [http-nio-8081-exec-2] c.e.uploadingfiles.StickersService       : hashResult не соответствует регулярному выражению: 
2025-05-28T15:56:42.823+03:00 appender 17168 --- [http-nio-8081-exec-2] c.e.uploadingfiles.StickersService       : hashResult не соответствует регулярному выражению: 
2025-05-28T15:56:42.823+03:00 appender 17168 --- [http-nio-8081-exec-2] c.e.uploadingfiles.StickersService       : hashResult не соответствует регулярному выражению: 
2025-05-28T15:56:42.823+03:00 appender 17168 --- [http-nio-8081-exec-2] c.e.uploadingfiles.StickersService       : hashResult не соответствует регулярному выражению: 
2025-05-28T15:56:42.824+03:00 appender 17168 --- [http-nio-8081-exec-2] c.e.uploadingfiles.StickersService       : hashResult не соответствует регулярному выражению: 
2025-05-28T15:56:42.824+03:00 appender 17168 --- [http-nio-8081-exec-2] c.e.uploadingfiles.StickersService       : hashResult не соответствует регулярному выражению: 
2025-05-28T15:56:42.824+03:00 appender 17168 --- [http-nio-8081-exec-2] c.e.uploadingfiles.StickersService       : hashResult не соответствует регулярному выражению: 
2025-05-28T15:56:42.825+03:00 appender 17168 --- [http-nio-8081-exec-2] c.e.uploadingfiles.StickersService       : hashResult не соответствует регулярному выражению: 
2025-05-28T15:56:42.826+03:00 appender 17168 --- [http-nio-8081-exec-2] c.e.uploadingfiles.StickersService       : hashResult не соответствует регулярному выражению: 
2025-05-28T15:56:42.827+03:00 appender 17168 --- [http-nio-8081-exec-2] c.e.uploadingfiles.StickersService       : hashResult не соответствует регулярному выражению: 
2025-05-28T15:56:42.827+03:00 appender 17168 --- [http-nio-8081-exec-2] c.e.uploadingfiles.StickersService       : hashResult не соответствует регулярному выражению: 
2025-05-28T15:56:42.827+03:00 appender 17168 --- [http-nio-8081-exec-2] c.e.uploadingfiles.StickersService       : hashResult не соответствует регулярному выражению: 
2025-05-28T15:56:43.310+03:00 appender 17168 --- [http-nio-8081-exec-2] c.e.uploadingfiles.StickersService       : hashResult не соответствует регулярному выражению: 
2025-05-28T15:56:43.311+03:00 appender 17168 --- [http-nio-8081-exec-2] c.e.uploadingfiles.StickersService       : hashResult не соответствует регулярному выражению: 
2025-05-28T15:56:43.311+03:00 appender 17168 --- [http-nio-8081-exec-2] c.e.uploadingfiles.StickersService       : hashResult не соответствует регулярному выражению: 
2025-05-28T15:56:43.614+03:00 appender 17168 --- [http-nio-8081-exec-2] c.e.uploadingfiles.StickersService       : hashResult не соответствует регулярному выражению: 
2025-05-28T15:56:43.614+03:00 appender 17168 --- [http-nio-8081-exec-2] c.e.uploadingfiles.StickersService       : hashResult не соответствует регулярному выражению: 
2025-05-28T15:56:43.848+03:00 appender 17168 --- [http-nio-8081-exec-2] c.e.uploadingfiles.StickersService       : hashResult не соответствует регулярному выражению: 
2025-05-28T15:56:43.850+03:00 appender 17168 --- [http-nio-8081-exec-2] c.e.uploadingfiles.StickersService       : hashResult не соответствует регулярному выражению: 
2025-05-28T15:56:44.417+03:00 appender 17168 --- [http-nio-8081-exec-2] c.e.uploadingfiles.StickersService       : hashResult не соответствует регулярному выражению: 
2025-05-28T15:56:44.418+03:00 appender 17168 --- [http-nio-8081-exec-2] c.e.uploadingfiles.StickersService       : hashResult не соответствует регулярному выражению: 
2025-05-28T15:56:44.418+03:00 appender 17168 --- [http-nio-8081-exec-2] c.e.uploadingfiles.StickersService       : hashResult не соответствует регулярному выражению: 
2025-05-28T15:56:44.418+03:00 appender 17168 --- [http-nio-8081-exec-2] c.e.uploadingfiles.StickersService       : hashResult не соответствует регулярному выражению: 
2025-05-28T15:56:44.419+03:00 appender 17168 --- [http-nio-8081-exec-2] c.e.uploadingfiles.StickersService       : hashResult не соответствует регулярному выражению: 
2025-05-28T15:56:44.419+03:00 appender 17168 --- [http-nio-8081-exec-2] c.e.uploadingfiles.StickersService       : hashResult не соответствует регулярному выражению: 
2025-05-28T15:56:44.500+03:00 appender 17168 --- [http-nio-8081-exec-1] c.e.u.FileUploadRestController           : Mapped file wb-gi-130335099.pdf to URL: http://127.0.0.1:8081/api/files/wb-gi-130335099.pdf
2025-05-28T15:56:44.501+03:00 appender 17168 --- [http-nio-8081-exec-1] c.e.u.FileUploadRestController           : Mapped file wb-gi-108241511.pdf to URL: http://127.0.0.1:8081/api/files/wb-gi-108241511.pdf
2025-05-28T15:56:44.503+03:00 appender 17168 --- [http-nio-8081-exec-1] c.e.u.FileUploadRestController           : Mapped file wb-gi-108241588.pdf to URL: http://127.0.0.1:8081/api/files/wb-gi-108241588.pdf
2025-05-28T15:56:44.503+03:00 appender 17168 --- [http-nio-8081-exec-1] c.e.u.FileUploadRestController           : Total files found: 3
2025-05-28T15:56:57.344+03:00 appender 17168 --- [http-nio-8081-exec-5] c.e.u.FileUploadRestController           : start POST request
2025-05-28T15:56:57.344+03:00 appender 17168 --- [http-nio-8081-exec-5] c.e.u.FileUploadRestController           : 1.******* start proceed file: wb-gi-130335099_one.xlsx size: 9217
2025-05-28T15:56:57.345+03:00 appender 17168 --- [http-nio-8081-exec-5] c.e.u.FileUploadRestController           : 1.1.******* Service created
2025-05-28T15:56:57.386+03:00 appender 17168 --- [http-nio-8081-exec-5] c.e.uploadingfiles.ExcelReadService      : Обработан файл заказа wb-gi-130335099_one.xlsx за 0.0408279 сек.
2025-05-28T15:56:57.388+03:00 appender 17168 --- [http-nio-8081-exec-5] c.e.uploadingfiles.StickersService       : ******************начало обработки списка на 2 элементов*****************
2025-05-28T15:56:57.389+03:00 appender 17168 --- [http-nio-8081-exec-5] c.e.uploadingfiles.StickersService       : hashResult не соответствует регулярному выражению: 
2025-05-28T15:56:57.399+03:00 appender 17168 --- [http-nio-8081-exec-5] c.e.u.FileUploadRestController           : The document has no pages.
2025-05-28T15:57:54.122+03:00 appender 18872 --- [main] c.e.u.StickersCreateApplication          : Starting StickersCreateApplication using Java 21.0.2 with PID 18872 (D:\rpo\java\Stickers2\target\classes started by 8_kovalenko_351 in D:\rpo\java\Stickers2)
2025-05-28T15:57:54.127+03:00 appender 18872 --- [main] c.e.u.StickersCreateApplication          : No active profile set, falling back to 1 default profile: "default"
2025-05-28T15:57:57.106+03:00 appender 18872 --- [main] o.s.b.w.embedded.tomcat.TomcatWebServer  : Tomcat initialized with port 8081 (http)
2025-05-28T15:57:57.131+03:00 appender 18872 --- [main] o.apache.catalina.core.StandardService   : Starting service [Tomcat]
2025-05-28T15:57:57.131+03:00 appender 18872 --- [main] o.apache.catalina.core.StandardEngine    : Starting Servlet engine: [Apache Tomcat/10.1.31]
2025-05-28T15:57:57.268+03:00 appender 18872 --- [main] o.a.c.c.C.[Tomcat].[localhost].[/]       : Initializing Spring embedded WebApplicationContext
2025-05-28T15:57:57.268+03:00 appender 18872 --- [main] w.s.c.ServletWebServerApplicationContext : Root WebApplicationContext: initialization completed in 3005 ms
2025-05-28T15:57:58.232+03:00 appender 18872 --- [main] o.s.b.a.e.web.EndpointLinksResolver      : Exposing 1 endpoint beneath base path '/actuator'
2025-05-28T15:57:58.329+03:00 appender 18872 --- [main] o.s.b.w.embedded.tomcat.TomcatWebServer  : Tomcat started on port 8081 (http) with context path '/'
2025-05-28T15:57:58.354+03:00 appender 18872 --- [main] c.e.u.StickersCreateApplication          : Started StickersCreateApplication in 5.07 seconds (process running for 7.886)
2025-05-28T15:57:58.361+03:00 appender 18872 --- [main] c.e.u.services.WbProductsService         : Trying to fetch products from API: http://localhost:8080/api/wb/all-cards-mapped-short
2025-05-28T15:58:01.184+03:00 appender 18872 --- [main] c.e.u.services.WbProductsService         : Products data saved to wb_products_backup.json
2025-05-28T15:58:01.378+03:00 appender 18872 --- [main] c.e.u.services.WbProductsService         : HashMaps populated: 88413 barcodes and 88413 brands stored
2025-05-28T15:58:01.385+03:00 appender 18872 --- [main] c.e.u.services.WbProductsService         : Successfully fetched 88413 products from API
2025-05-28T15:58:01.389+03:00 appender 18872 --- [main] c.e.u.FileUploadRestController           : Successfully loaded 88413 products on startup
2025-05-28T15:58:03.820+03:00 appender 18872 --- [http-nio-8081-exec-1] o.a.c.c.C.[Tomcat].[localhost].[/]       : Initializing Spring DispatcherServlet 'dispatcherServlet'
2025-05-28T15:58:03.825+03:00 appender 18872 --- [http-nio-8081-exec-1] o.s.web.servlet.DispatcherServlet        : Initializing Servlet 'dispatcherServlet'
2025-05-28T15:58:03.831+03:00 appender 18872 --- [http-nio-8081-exec-1] o.s.web.servlet.DispatcherServlet        : Completed initialization in 3 ms
2025-05-28T15:58:03.923+03:00 appender 18872 --- [http-nio-8081-exec-1] c.e.u.FileUploadRestController           : Total files found: 0
2025-05-28T15:58:14.235+03:00 appender 18872 --- [http-nio-8081-exec-3] c.e.u.FileUploadRestController           : start POST request
2025-05-28T15:58:14.239+03:00 appender 18872 --- [http-nio-8081-exec-3] c.e.u.FileUploadRestController           : 1.******* start proceed file: wb-gi-108241588.xlsx size: 15715
2025-05-28T15:58:14.239+03:00 appender 18872 --- [http-nio-8081-exec-3] c.e.u.FileUploadRestController           : 1.1.******* Service created
2025-05-28T15:58:15.862+03:00 appender 18872 --- [http-nio-8081-exec-3] c.e.uploadingfiles.ExcelReadService      : Обработан файл заказа wb-gi-108241588.xlsx за 1.620045301 сек.
2025-05-28T15:58:15.989+03:00 appender 18872 --- [http-nio-8081-exec-3] c.e.uploadingfiles.StickersService       : ******************начало обработки списка на 69 элементов*****************
2025-05-28T15:58:15.992+03:00 appender 18872 --- [http-nio-8081-exec-3] c.e.uploadingfiles.StickersService       : hashResult не соответствует регулярному выражению: 
2025-05-28T15:58:15.993+03:00 appender 18872 --- [http-nio-8081-exec-3] c.e.uploadingfiles.StickersService       : hashResult не соответствует регулярному выражению: 
2025-05-28T15:58:15.993+03:00 appender 18872 --- [http-nio-8081-exec-3] c.e.uploadingfiles.StickersService       : hashResult не соответствует регулярному выражению: 
2025-05-28T15:58:15.995+03:00 appender 18872 --- [http-nio-8081-exec-3] c.e.uploadingfiles.StickersService       : hashResult не соответствует регулярному выражению: 
2025-05-28T15:58:15.996+03:00 appender 18872 --- [http-nio-8081-exec-3] c.e.uploadingfiles.StickersService       : hashResult не соответствует регулярному выражению: 
2025-05-28T15:58:15.998+03:00 appender 18872 --- [http-nio-8081-exec-3] c.e.uploadingfiles.StickersService       : hashResult не соответствует регулярному выражению: 
2025-05-28T15:58:15.998+03:00 appender 18872 --- [http-nio-8081-exec-3] c.e.uploadingfiles.StickersService       : hashResult не соответствует регулярному выражению: 
2025-05-28T15:58:16.000+03:00 appender 18872 --- [http-nio-8081-exec-3] c.e.uploadingfiles.StickersService       : hashResult не соответствует регулярному выражению: 
2025-05-28T15:58:16.004+03:00 appender 18872 --- [http-nio-8081-exec-3] c.e.uploadingfiles.StickersService       : hashResult не соответствует регулярному выражению: 
2025-05-28T15:58:16.004+03:00 appender 18872 --- [http-nio-8081-exec-3] c.e.uploadingfiles.StickersService       : hashResult не соответствует регулярному выражению: 
2025-05-28T15:58:16.012+03:00 appender 18872 --- [http-nio-8081-exec-3] c.e.uploadingfiles.StickersService       : hashResult не соответствует регулярному выражению: 
2025-05-28T15:58:16.016+03:00 appender 18872 --- [http-nio-8081-exec-3] c.e.uploadingfiles.StickersService       : hashResult не соответствует регулярному выражению: 
2025-05-28T15:58:16.018+03:00 appender 18872 --- [http-nio-8081-exec-3] c.e.uploadingfiles.StickersService       : hashResult не соответствует регулярному выражению: 
2025-05-28T15:58:16.020+03:00 appender 18872 --- [http-nio-8081-exec-3] c.e.uploadingfiles.StickersService       : hashResult не соответствует регулярному выражению: 
2025-05-28T15:58:16.020+03:00 appender 18872 --- [http-nio-8081-exec-3] c.e.uploadingfiles.StickersService       : hashResult не соответствует регулярному выражению: 
2025-05-28T15:58:16.024+03:00 appender 18872 --- [http-nio-8081-exec-3] c.e.uploadingfiles.StickersService       : hashResult не соответствует регулярному выражению: 
2025-05-28T15:58:16.024+03:00 appender 18872 --- [http-nio-8081-exec-3] c.e.uploadingfiles.StickersService       : hashResult не соответствует регулярному выражению: 
2025-05-28T15:58:16.027+03:00 appender 18872 --- [http-nio-8081-exec-3] c.e.uploadingfiles.StickersService       : hashResult не соответствует регулярному выражению: 
2025-05-28T15:58:16.030+03:00 appender 18872 --- [http-nio-8081-exec-3] c.e.uploadingfiles.StickersService       : hashResult не соответствует регулярному выражению: 
2025-05-28T15:58:16.033+03:00 appender 18872 --- [http-nio-8081-exec-3] c.e.uploadingfiles.StickersService       : hashResult не соответствует регулярному выражению: 
2025-05-28T15:58:16.035+03:00 appender 18872 --- [http-nio-8081-exec-3] c.e.uploadingfiles.StickersService       : hashResult не соответствует регулярному выражению: 
2025-05-28T15:58:16.037+03:00 appender 18872 --- [http-nio-8081-exec-3] c.e.uploadingfiles.StickersService       : hashResult не соответствует регулярному выражению: 
2025-05-28T15:58:16.037+03:00 appender 18872 --- [http-nio-8081-exec-3] c.e.uploadingfiles.StickersService       : hashResult не соответствует регулярному выражению: 
2025-05-28T15:58:16.037+03:00 appender 18872 --- [http-nio-8081-exec-3] c.e.uploadingfiles.StickersService       : hashResult не соответствует регулярному выражению: 
2025-05-28T15:58:16.041+03:00 appender 18872 --- [http-nio-8081-exec-3] c.e.uploadingfiles.StickersService       : hashResult не соответствует регулярному выражению: 
2025-05-28T15:58:16.049+03:00 appender 18872 --- [http-nio-8081-exec-3] c.e.uploadingfiles.StickersService       : hashResult не соответствует регулярному выражению: 
2025-05-28T15:58:16.051+03:00 appender 18872 --- [http-nio-8081-exec-3] c.e.uploadingfiles.StickersService       : hashResult не соответствует регулярному выражению: 
2025-05-28T15:58:16.053+03:00 appender 18872 --- [http-nio-8081-exec-3] c.e.uploadingfiles.StickersService       : hashResult не соответствует регулярному выражению: 
2025-05-28T15:58:16.053+03:00 appender 18872 --- [http-nio-8081-exec-3] c.e.uploadingfiles.StickersService       : hashResult не соответствует регулярному выражению: 
2025-05-28T15:58:16.053+03:00 appender 18872 --- [http-nio-8081-exec-3] c.e.uploadingfiles.StickersService       : hashResult не соответствует регулярному выражению: 
2025-05-28T15:58:16.055+03:00 appender 18872 --- [http-nio-8081-exec-3] c.e.uploadingfiles.StickersService       : hashResult не соответствует регулярному выражению: 
2025-05-28T15:58:16.055+03:00 appender 18872 --- [http-nio-8081-exec-3] c.e.uploadingfiles.StickersService       : hashResult не соответствует регулярному выражению: 
2025-05-28T15:58:16.055+03:00 appender 18872 --- [http-nio-8081-exec-3] c.e.uploadingfiles.StickersService       : hashResult не соответствует регулярному выражению: 
2025-05-28T15:58:16.055+03:00 appender 18872 --- [http-nio-8081-exec-3] c.e.uploadingfiles.StickersService       : hashResult не соответствует регулярному выражению: 
2025-05-28T15:58:16.057+03:00 appender 18872 --- [http-nio-8081-exec-3] c.e.uploadingfiles.StickersService       : hashResult не соответствует регулярному выражению: 
2025-05-28T15:58:16.986+03:00 appender 18872 --- [http-nio-8081-exec-3] c.e.uploadingfiles.StickersService       : hashResult не соответствует регулярному выражению: 
2025-05-28T15:58:16.986+03:00 appender 18872 --- [http-nio-8081-exec-3] c.e.uploadingfiles.StickersService       : hashResult не соответствует регулярному выражению: 
2025-05-28T15:58:16.988+03:00 appender 18872 --- [http-nio-8081-exec-3] c.e.uploadingfiles.StickersService       : hashResult не соответствует регулярному выражению: 
2025-05-28T15:58:16.988+03:00 appender 18872 --- [http-nio-8081-exec-3] c.e.uploadingfiles.StickersService       : hashResult не соответствует регулярному выражению: 
2025-05-28T15:58:16.988+03:00 appender 18872 --- [http-nio-8081-exec-3] c.e.uploadingfiles.StickersService       : hashResult не соответствует регулярному выражению: 
2025-05-28T15:58:17.000+03:00 appender 18872 --- [http-nio-8081-exec-3] c.e.uploadingfiles.StickersService       : hashResult не соответствует регулярному выражению: 
2025-05-28T15:58:17.000+03:00 appender 18872 --- [http-nio-8081-exec-3] c.e.uploadingfiles.StickersService       : hashResult не соответствует регулярному выражению: 
2025-05-28T15:58:17.002+03:00 appender 18872 --- [http-nio-8081-exec-3] c.e.uploadingfiles.StickersService       : hashResult не соответствует регулярному выражению: 
2025-05-28T15:58:17.486+03:00 appender 18872 --- [http-nio-8081-exec-3] c.e.uploadingfiles.StickersService       : hashResult не соответствует регулярному выражению: 
2025-05-28T15:58:20.489+03:00 appender 18872 --- [http-nio-8081-exec-3] c.e.uploadingfiles.StickersService       : hashResult не соответствует регулярному выражению: 
2025-05-28T15:58:20.489+03:00 appender 18872 --- [http-nio-8081-exec-3] c.e.uploadingfiles.StickersService       : hashResult не соответствует регулярному выражению: 
2025-05-28T15:58:20.489+03:00 appender 18872 --- [http-nio-8081-exec-3] c.e.uploadingfiles.StickersService       : hashResult не соответствует регулярному выражению: 
2025-05-28T15:58:20.491+03:00 appender 18872 --- [http-nio-8081-exec-3] c.e.uploadingfiles.StickersService       : hashResult не соответствует регулярному выражению: 
2025-05-28T15:58:20.493+03:00 appender 18872 --- [http-nio-8081-exec-3] c.e.uploadingfiles.StickersService       : hashResult не соответствует регулярному выражению: 
2025-05-28T15:58:20.493+03:00 appender 18872 --- [http-nio-8081-exec-3] c.e.uploadingfiles.StickersService       : hashResult не соответствует регулярному выражению: 
2025-05-28T15:58:21.062+03:00 appender 18872 --- [http-nio-8081-exec-4] c.e.u.FileUploadRestController           : Mapped file wb-gi-108241588.pdf to URL: http://127.0.0.1:8081/api/files/wb-gi-108241588.pdf
2025-05-28T15:58:21.062+03:00 appender 18872 --- [http-nio-8081-exec-4] c.e.u.FileUploadRestController           : Total files found: 1
2025-05-28T16:00:35.670+03:00 appender 23220 --- [main] c.e.u.StickersCreateApplication          : Starting StickersCreateApplication using Java 21.0.2 with PID 23220 (D:\rpo\java\Stickers2\target\classes started by 8_kovalenko_351 in D:\rpo\java\Stickers2)
2025-05-28T16:00:35.677+03:00 appender 23220 --- [main] c.e.u.StickersCreateApplication          : No active profile set, falling back to 1 default profile: "default"
2025-05-28T16:00:40.014+03:00 appender 23220 --- [main] o.s.b.w.embedded.tomcat.TomcatWebServer  : Tomcat initialized with port 8081 (http)
2025-05-28T16:00:40.278+03:00 appender 23220 --- [main] o.apache.catalina.core.StandardService   : Starting service [Tomcat]
2025-05-28T16:00:40.304+03:00 appender 23220 --- [main] o.apache.catalina.core.StandardEngine    : Starting Servlet engine: [Apache Tomcat/10.1.31]
2025-05-28T16:00:40.669+03:00 appender 23220 --- [main] o.a.c.c.C.[Tomcat].[localhost].[/]       : Initializing Spring embedded WebApplicationContext
2025-05-28T16:00:40.669+03:00 appender 23220 --- [main] w.s.c.ServletWebServerApplicationContext : Root WebApplicationContext: initialization completed in 4725 ms
2025-05-28T16:00:44.027+03:00 appender 23220 --- [main] o.s.b.a.e.web.EndpointLinksResolver      : Exposing 1 endpoint beneath base path '/actuator'
2025-05-28T16:00:45.066+03:00 appender 23220 --- [main] o.s.b.w.embedded.tomcat.TomcatWebServer  : Tomcat started on port 8081 (http) with context path '/'
2025-05-28T16:00:45.652+03:00 appender 23220 --- [main] c.e.u.StickersCreateApplication          : Started StickersCreateApplication in 10.909 seconds (process running for 12.616)
2025-05-28T16:00:45.678+03:00 appender 23220 --- [main] c.e.u.services.WbProductsService         : Trying to fetch products from API: http://localhost:8080/api/wb/all-cards-mapped-short
2025-05-28T16:00:46.352+03:00 appender 23220 --- [http-nio-8081-exec-1] o.a.c.c.C.[Tomcat].[localhost].[/]       : Initializing Spring DispatcherServlet 'dispatcherServlet'
2025-05-28T16:00:46.370+03:00 appender 23220 --- [http-nio-8081-exec-1] o.s.web.servlet.DispatcherServlet        : Initializing Servlet 'dispatcherServlet'
2025-05-28T16:00:46.405+03:00 appender 23220 --- [http-nio-8081-exec-1] o.s.web.servlet.DispatcherServlet        : Completed initialization in 32 ms
2025-05-28T16:00:46.955+03:00 appender 23220 --- [http-nio-8081-exec-5] o.s.web.servlet.PageNotFound             : No mapping for GET /.well-known/appspecific/com.chrome.devtools.json
2025-05-28T16:00:46.966+03:00 appender 23220 --- [http-nio-8081-exec-5] o.s.web.servlet.PageNotFound             : No endpoint GET /.well-known/appspecific/com.chrome.devtools.json.
2025-05-28T16:00:47.682+03:00 appender 23220 --- [http-nio-8081-exec-6] c.e.u.FileUploadRestController           : Mapped file wb-gi-108241588.pdf to URL: http://127.0.0.1:8081/api/files/wb-gi-108241588.pdf
2025-05-28T16:00:47.687+03:00 appender 23220 --- [http-nio-8081-exec-6] c.e.u.FileUploadRestController           : Total files found: 1
2025-05-28T16:00:48.656+03:00 appender 23220 --- [main] c.e.u.services.WbProductsService         : Products data saved to wb_products_backup.json
2025-05-28T16:00:48.798+03:00 appender 23220 --- [main] c.e.u.services.WbProductsService         : HashMaps populated: 88413 barcodes and 88413 brands stored
2025-05-28T16:00:48.802+03:00 appender 23220 --- [main] c.e.u.services.WbProductsService         : Successfully fetched 88413 products from API
2025-05-28T16:00:48.806+03:00 appender 23220 --- [main] c.e.u.FileUploadRestController           : Successfully loaded 88413 products on startup
2025-05-28T16:00:53.956+03:00 appender 23220 --- [http-nio-8081-exec-3] o.s.web.servlet.PageNotFound             : No mapping for GET /.well-known/appspecific/com.chrome.devtools.json
2025-05-28T16:00:53.958+03:00 appender 23220 --- [http-nio-8081-exec-3] o.s.web.servlet.PageNotFound             : No endpoint GET /.well-known/appspecific/com.chrome.devtools.json.
2025-05-28T16:00:54.145+03:00 appender 23220 --- [http-nio-8081-exec-6] c.e.u.FileUploadRestController           : Total files found: 0
2025-05-28T16:00:55.505+03:00 appender 23220 --- [http-nio-8081-exec-8] o.s.web.servlet.PageNotFound             : No mapping for GET /.well-known/appspecific/com.chrome.devtools.json
2025-05-28T16:00:55.508+03:00 appender 23220 --- [http-nio-8081-exec-8] o.s.web.servlet.PageNotFound             : No endpoint GET /.well-known/appspecific/com.chrome.devtools.json.
2025-05-28T16:00:55.704+03:00 appender 23220 --- [http-nio-8081-exec-1] c.e.u.FileUploadRestController           : Total files found: 0
2025-05-28T16:00:56.688+03:00 appender 23220 --- [http-nio-8081-exec-4] o.s.web.servlet.PageNotFound             : No mapping for GET /.well-known/appspecific/com.chrome.devtools.json
2025-05-28T16:00:56.691+03:00 appender 23220 --- [http-nio-8081-exec-4] o.s.web.servlet.PageNotFound             : No endpoint GET /.well-known/appspecific/com.chrome.devtools.json.
2025-05-28T16:00:56.870+03:00 appender 23220 --- [http-nio-8081-exec-10] c.e.u.FileUploadRestController           : Total files found: 0
2025-05-28T16:01:11.179+03:00 appender 23220 --- [http-nio-8081-exec-9] c.e.u.FileUploadRestController           : start POST request
2025-05-28T16:01:11.179+03:00 appender 23220 --- [http-nio-8081-exec-9] c.e.u.FileUploadRestController           : 1.******* start proceed file: wb-gi-108241588.xlsx size: 15715
2025-05-28T16:01:11.179+03:00 appender 23220 --- [http-nio-8081-exec-9] c.e.u.FileUploadRestController           : 1.1.******* Service created
2025-05-28T16:01:13.381+03:00 appender 23220 --- [http-nio-8081-exec-9] c.e.uploadingfiles.ExcelReadService      : Обработан файл заказа wb-gi-108241588.xlsx за 2.1890054 сек.
2025-05-28T16:01:13.542+03:00 appender 23220 --- [http-nio-8081-exec-9] c.e.uploadingfiles.StickersService       : ******************начало обработки списка на 69 элементов*****************
2025-05-28T16:01:13.546+03:00 appender 23220 --- [http-nio-8081-exec-9] c.e.uploadingfiles.StickersService       : hashResult не соответствует регулярному выражению: 
2025-05-28T16:01:13.547+03:00 appender 23220 --- [http-nio-8081-exec-9] c.e.uploadingfiles.StickersService       : hashResult не соответствует регулярному выражению: 
2025-05-28T16:01:13.548+03:00 appender 23220 --- [http-nio-8081-exec-9] c.e.uploadingfiles.StickersService       : hashResult не соответствует регулярному выражению: 
2025-05-28T16:01:13.549+03:00 appender 23220 --- [http-nio-8081-exec-9] c.e.uploadingfiles.StickersService       : hashResult не соответствует регулярному выражению: 
2025-05-28T16:01:13.551+03:00 appender 23220 --- [http-nio-8081-exec-9] c.e.uploadingfiles.StickersService       : hashResult не соответствует регулярному выражению: 
2025-05-28T16:01:13.555+03:00 appender 23220 --- [http-nio-8081-exec-9] c.e.uploadingfiles.StickersService       : hashResult не соответствует регулярному выражению: 
2025-05-28T16:01:13.580+03:00 appender 23220 --- [http-nio-8081-exec-9] c.e.uploadingfiles.StickersService       : hashResult не соответствует регулярному выражению: 
2025-05-28T16:01:13.591+03:00 appender 23220 --- [http-nio-8081-exec-9] c.e.uploadingfiles.StickersService       : hashResult не соответствует регулярному выражению: 
2025-05-28T16:01:13.602+03:00 appender 23220 --- [http-nio-8081-exec-9] c.e.uploadingfiles.StickersService       : hashResult не соответствует регулярному выражению: 
2025-05-28T16:01:13.602+03:00 appender 23220 --- [http-nio-8081-exec-9] c.e.uploadingfiles.StickersService       : hashResult не соответствует регулярному выражению: 
2025-05-28T16:01:13.604+03:00 appender 23220 --- [http-nio-8081-exec-9] c.e.uploadingfiles.StickersService       : hashResult не соответствует регулярному выражению: 
2025-05-28T16:01:13.604+03:00 appender 23220 --- [http-nio-8081-exec-9] c.e.uploadingfiles.StickersService       : hashResult не соответствует регулярному выражению: 
2025-05-28T16:01:13.608+03:00 appender 23220 --- [http-nio-8081-exec-9] c.e.uploadingfiles.StickersService       : hashResult не соответствует регулярному выражению: 
2025-05-28T16:01:13.608+03:00 appender 23220 --- [http-nio-8081-exec-9] c.e.uploadingfiles.StickersService       : hashResult не соответствует регулярному выражению: 
2025-05-28T16:01:13.631+03:00 appender 23220 --- [http-nio-8081-exec-9] c.e.uploadingfiles.StickersService       : hashResult не соответствует регулярному выражению: 
2025-05-28T16:01:13.639+03:00 appender 23220 --- [http-nio-8081-exec-9] c.e.uploadingfiles.StickersService       : hashResult не соответствует регулярному выражению: 
2025-05-28T16:01:13.639+03:00 appender 23220 --- [http-nio-8081-exec-9] c.e.uploadingfiles.StickersService       : hashResult не соответствует регулярному выражению: 
2025-05-28T16:01:13.641+03:00 appender 23220 --- [http-nio-8081-exec-9] c.e.uploadingfiles.StickersService       : hashResult не соответствует регулярному выражению: 
2025-05-28T16:01:13.641+03:00 appender 23220 --- [http-nio-8081-exec-9] c.e.uploadingfiles.StickersService       : hashResult не соответствует регулярному выражению: 
2025-05-28T16:01:13.643+03:00 appender 23220 --- [http-nio-8081-exec-9] c.e.uploadingfiles.StickersService       : hashResult не соответствует регулярному выражению: 
2025-05-28T16:01:13.652+03:00 appender 23220 --- [http-nio-8081-exec-9] c.e.uploadingfiles.StickersService       : hashResult не соответствует регулярному выражению: 
2025-05-28T16:01:13.654+03:00 appender 23220 --- [http-nio-8081-exec-9] c.e.uploadingfiles.StickersService       : hashResult не соответствует регулярному выражению: 
2025-05-28T16:01:13.654+03:00 appender 23220 --- [http-nio-8081-exec-9] c.e.uploadingfiles.StickersService       : hashResult не соответствует регулярному выражению: 
2025-05-28T16:01:13.656+03:00 appender 23220 --- [http-nio-8081-exec-9] c.e.uploadingfiles.StickersService       : hashResult не соответствует регулярному выражению: 
2025-05-28T16:01:13.656+03:00 appender 23220 --- [http-nio-8081-exec-9] c.e.uploadingfiles.StickersService       : hashResult не соответствует регулярному выражению: 
2025-05-28T16:01:13.656+03:00 appender 23220 --- [http-nio-8081-exec-9] c.e.uploadingfiles.StickersService       : hashResult не соответствует регулярному выражению: 
2025-05-28T16:01:13.658+03:00 appender 23220 --- [http-nio-8081-exec-9] c.e.uploadingfiles.StickersService       : hashResult не соответствует регулярному выражению: 
2025-05-28T16:01:13.658+03:00 appender 23220 --- [http-nio-8081-exec-9] c.e.uploadingfiles.StickersService       : hashResult не соответствует регулярному выражению: 
2025-05-28T16:01:13.667+03:00 appender 23220 --- [http-nio-8081-exec-9] c.e.uploadingfiles.StickersService       : hashResult не соответствует регулярному выражению: 
2025-05-28T16:01:13.671+03:00 appender 23220 --- [http-nio-8081-exec-9] c.e.uploadingfiles.StickersService       : hashResult не соответствует регулярному выражению: 
2025-05-28T16:01:13.671+03:00 appender 23220 --- [http-nio-8081-exec-9] c.e.uploadingfiles.StickersService       : hashResult не соответствует регулярному выражению: 
2025-05-28T16:01:13.673+03:00 appender 23220 --- [http-nio-8081-exec-9] c.e.uploadingfiles.StickersService       : hashResult не соответствует регулярному выражению: 
2025-05-28T16:01:13.673+03:00 appender 23220 --- [http-nio-8081-exec-9] c.e.uploadingfiles.StickersService       : hashResult не соответствует регулярному выражению: 
2025-05-28T16:01:13.673+03:00 appender 23220 --- [http-nio-8081-exec-9] c.e.uploadingfiles.StickersService       : hashResult не соответствует регулярному выражению: 
2025-05-28T16:01:13.675+03:00 appender 23220 --- [http-nio-8081-exec-9] c.e.uploadingfiles.StickersService       : hashResult не соответствует регулярному выражению: 
2025-05-28T16:01:15.417+03:00 appender 23220 --- [http-nio-8081-exec-9] c.e.uploadingfiles.StickersService       : hashResult не соответствует регулярному выражению: 
2025-05-28T16:01:15.417+03:00 appender 23220 --- [http-nio-8081-exec-9] c.e.uploadingfiles.StickersService       : hashResult не соответствует регулярному выражению: 
2025-05-28T16:01:15.418+03:00 appender 23220 --- [http-nio-8081-exec-9] c.e.uploadingfiles.StickersService       : hashResult не соответствует регулярному выражению: 
2025-05-28T16:01:15.419+03:00 appender 23220 --- [http-nio-8081-exec-9] c.e.uploadingfiles.StickersService       : hashResult не соответствует регулярному выражению: 
2025-05-28T16:01:15.419+03:00 appender 23220 --- [http-nio-8081-exec-9] c.e.uploadingfiles.StickersService       : hashResult не соответствует регулярному выражению: 
2025-05-28T16:01:15.420+03:00 appender 23220 --- [http-nio-8081-exec-9] c.e.uploadingfiles.StickersService       : hashResult не соответствует регулярному выражению: 
2025-05-28T16:01:15.420+03:00 appender 23220 --- [http-nio-8081-exec-9] c.e.uploadingfiles.StickersService       : hashResult не соответствует регулярному выражению: 
2025-05-28T16:01:15.420+03:00 appender 23220 --- [http-nio-8081-exec-9] c.e.uploadingfiles.StickersService       : hashResult не соответствует регулярному выражению: 
2025-05-28T16:01:16.130+03:00 appender 23220 --- [http-nio-8081-exec-9] c.e.uploadingfiles.StickersService       : hashResult не соответствует регулярному выражению: 
2025-05-28T16:01:18.611+03:00 appender 23220 --- [http-nio-8081-exec-9] c.e.uploadingfiles.StickersService       : hashResult не соответствует регулярному выражению: 
2025-05-28T16:01:18.612+03:00 appender 23220 --- [http-nio-8081-exec-9] c.e.uploadingfiles.StickersService       : hashResult не соответствует регулярному выражению: 
2025-05-28T16:01:18.613+03:00 appender 23220 --- [http-nio-8081-exec-9] c.e.uploadingfiles.StickersService       : hashResult не соответствует регулярному выражению: 
2025-05-28T16:01:18.613+03:00 appender 23220 --- [http-nio-8081-exec-9] c.e.uploadingfiles.StickersService       : hashResult не соответствует регулярному выражению: 
2025-05-28T16:01:18.613+03:00 appender 23220 --- [http-nio-8081-exec-9] c.e.uploadingfiles.StickersService       : hashResult не соответствует регулярному выражению: 
2025-05-28T16:01:18.614+03:00 appender 23220 --- [http-nio-8081-exec-9] c.e.uploadingfiles.StickersService       : hashResult не соответствует регулярному выражению: 
2025-05-28T16:01:19.112+03:00 appender 23220 --- [http-nio-8081-exec-2] c.e.u.FileUploadRestController           : Mapped file wb-gi-108241588.pdf to URL: http://127.0.0.1:8081/api/files/wb-gi-108241588.pdf
2025-05-28T16:01:19.114+03:00 appender 23220 --- [http-nio-8081-exec-2] c.e.u.FileUploadRestController           : Total files found: 1
2025-05-28T16:02:08.644+03:00 appender 23220 --- [http-nio-8081-exec-6] o.s.web.servlet.PageNotFound             : No mapping for GET /.well-known/appspecific/com.chrome.devtools.json
2025-05-28T16:02:08.645+03:00 appender 23220 --- [http-nio-8081-exec-6] o.s.web.servlet.PageNotFound             : No endpoint GET /.well-known/appspecific/com.chrome.devtools.json.
2025-05-28T16:02:12.664+03:00 appender 23220 --- [http-nio-8081-exec-9] o.s.web.servlet.PageNotFound             : No mapping for GET /.well-known/appspecific/com.chrome.devtools.json
2025-05-28T16:02:12.667+03:00 appender 23220 --- [http-nio-8081-exec-9] o.s.web.servlet.PageNotFound             : No endpoint GET /.well-known/appspecific/com.chrome.devtools.json.
2025-05-28T16:02:12.766+03:00 appender 23220 --- [http-nio-8081-exec-2] c.e.u.FileUploadRestController           : Mapped file wb-gi-108241588.pdf to URL: http://127.0.0.1:8081/api/files/wb-gi-108241588.pdf
2025-05-28T16:02:12.774+03:00 appender 23220 --- [http-nio-8081-exec-2] c.e.u.FileUploadRestController           : Total files found: 1
2025-05-28T16:05:20.521+03:00 appender 23220 --- [http-nio-8081-exec-7] c.e.u.FileUploadRestController           : start POST request
2025-05-28T16:05:20.521+03:00 appender 23220 --- [http-nio-8081-exec-7] c.e.u.FileUploadRestController           : 1.******* start proceed file: wb-gi-108241566.xlsx size: 15715
2025-05-28T16:05:20.521+03:00 appender 23220 --- [http-nio-8081-exec-7] c.e.u.FileUploadRestController           : 1.1.******* Service created
2025-05-28T16:05:20.631+03:00 appender 23220 --- [http-nio-8081-exec-7] c.e.uploadingfiles.ExcelReadService      : Обработан файл заказа wb-gi-108241566.xlsx за 0.1086296 сек.
2025-05-28T16:05:20.643+03:00 appender 23220 --- [http-nio-8081-exec-7] c.e.uploadingfiles.StickersService       : ******************начало обработки списка на 69 элементов*****************
2025-05-28T16:05:20.647+03:00 appender 23220 --- [http-nio-8081-exec-7] c.e.uploadingfiles.StickersService       : hashResult не соответствует регулярному выражению: 
2025-05-28T16:05:20.648+03:00 appender 23220 --- [http-nio-8081-exec-7] c.e.uploadingfiles.StickersService       : hashResult не соответствует регулярному выражению: 
2025-05-28T16:05:20.649+03:00 appender 23220 --- [http-nio-8081-exec-7] c.e.uploadingfiles.StickersService       : hashResult не соответствует регулярному выражению: 
2025-05-28T16:05:20.649+03:00 appender 23220 --- [http-nio-8081-exec-7] c.e.uploadingfiles.StickersService       : hashResult не соответствует регулярному выражению: 
2025-05-28T16:05:20.650+03:00 appender 23220 --- [http-nio-8081-exec-7] c.e.uploadingfiles.StickersService       : hashResult не соответствует регулярному выражению: 
2025-05-28T16:05:20.651+03:00 appender 23220 --- [http-nio-8081-exec-7] c.e.uploadingfiles.StickersService       : hashResult не соответствует регулярному выражению: 
2025-05-28T16:05:20.651+03:00 appender 23220 --- [http-nio-8081-exec-7] c.e.uploadingfiles.StickersService       : hashResult не соответствует регулярному выражению: 
2025-05-28T16:05:20.652+03:00 appender 23220 --- [http-nio-8081-exec-7] c.e.uploadingfiles.StickersService       : hashResult не соответствует регулярному выражению: 
2025-05-28T16:05:20.654+03:00 appender 23220 --- [http-nio-8081-exec-7] c.e.uploadingfiles.StickersService       : hashResult не соответствует регулярному выражению: 
2025-05-28T16:05:20.655+03:00 appender 23220 --- [http-nio-8081-exec-7] c.e.uploadingfiles.StickersService       : hashResult не соответствует регулярному выражению: 
2025-05-28T16:05:20.655+03:00 appender 23220 --- [http-nio-8081-exec-7] c.e.uploadingfiles.StickersService       : hashResult не соответствует регулярному выражению: 
2025-05-28T16:05:20.656+03:00 appender 23220 --- [http-nio-8081-exec-7] c.e.uploadingfiles.StickersService       : hashResult не соответствует регулярному выражению: 
2025-05-28T16:05:20.656+03:00 appender 23220 --- [http-nio-8081-exec-7] c.e.uploadingfiles.StickersService       : hashResult не соответствует регулярному выражению: 
2025-05-28T16:05:20.657+03:00 appender 23220 --- [http-nio-8081-exec-7] c.e.uploadingfiles.StickersService       : hashResult не соответствует регулярному выражению: 
2025-05-28T16:05:20.657+03:00 appender 23220 --- [http-nio-8081-exec-7] c.e.uploadingfiles.StickersService       : hashResult не соответствует регулярному выражению: 
2025-05-28T16:05:20.658+03:00 appender 23220 --- [http-nio-8081-exec-7] c.e.uploadingfiles.StickersService       : hashResult не соответствует регулярному выражению: 
2025-05-28T16:05:20.658+03:00 appender 23220 --- [http-nio-8081-exec-7] c.e.uploadingfiles.StickersService       : hashResult не соответствует регулярному выражению: 
2025-05-28T16:05:20.658+03:00 appender 23220 --- [http-nio-8081-exec-7] c.e.uploadingfiles.StickersService       : hashResult не соответствует регулярному выражению: 
2025-05-28T16:05:20.659+03:00 appender 23220 --- [http-nio-8081-exec-7] c.e.uploadingfiles.StickersService       : hashResult не соответствует регулярному выражению: 
2025-05-28T16:05:20.660+03:00 appender 23220 --- [http-nio-8081-exec-7] c.e.uploadingfiles.StickersService       : hashResult не соответствует регулярному выражению: 
2025-05-28T16:05:20.664+03:00 appender 23220 --- [http-nio-8081-exec-7] c.e.uploadingfiles.StickersService       : hashResult не соответствует регулярному выражению: 
2025-05-28T16:05:20.666+03:00 appender 23220 --- [http-nio-8081-exec-7] c.e.uploadingfiles.StickersService       : hashResult не соответствует регулярному выражению: 
2025-05-28T16:05:20.668+03:00 appender 23220 --- [http-nio-8081-exec-7] c.e.uploadingfiles.StickersService       : hashResult не соответствует регулярному выражению: 
2025-05-28T16:05:20.670+03:00 appender 23220 --- [http-nio-8081-exec-7] c.e.uploadingfiles.StickersService       : hashResult не соответствует регулярному выражению: 
2025-05-28T16:05:20.672+03:00 appender 23220 --- [http-nio-8081-exec-7] c.e.uploadingfiles.StickersService       : hashResult не соответствует регулярному выражению: 
2025-05-28T16:05:20.674+03:00 appender 23220 --- [http-nio-8081-exec-7] c.e.uploadingfiles.StickersService       : hashResult не соответствует регулярному выражению: 
2025-05-28T16:05:20.674+03:00 appender 23220 --- [http-nio-8081-exec-7] c.e.uploadingfiles.StickersService       : hashResult не соответствует регулярному выражению: 
2025-05-28T16:05:20.681+03:00 appender 23220 --- [http-nio-8081-exec-7] c.e.uploadingfiles.StickersService       : hashResult не соответствует регулярному выражению: 
2025-05-28T16:05:20.684+03:00 appender 23220 --- [http-nio-8081-exec-7] c.e.uploadingfiles.StickersService       : hashResult не соответствует регулярному выражению: 
2025-05-28T16:05:20.686+03:00 appender 23220 --- [http-nio-8081-exec-7] c.e.uploadingfiles.StickersService       : hashResult не соответствует регулярному выражению: 
2025-05-28T16:05:20.687+03:00 appender 23220 --- [http-nio-8081-exec-7] c.e.uploadingfiles.StickersService       : hashResult не соответствует регулярному выражению: 
2025-05-28T16:05:20.687+03:00 appender 23220 --- [http-nio-8081-exec-7] c.e.uploadingfiles.StickersService       : hashResult не соответствует регулярному выражению: 
2025-05-28T16:05:20.687+03:00 appender 23220 --- [http-nio-8081-exec-7] c.e.uploadingfiles.StickersService       : hashResult не соответствует регулярному выражению: 
2025-05-28T16:05:20.687+03:00 appender 23220 --- [http-nio-8081-exec-7] c.e.uploadingfiles.StickersService       : hashResult не соответствует регулярному выражению: 
2025-05-28T16:05:20.689+03:00 appender 23220 --- [http-nio-8081-exec-7] c.e.uploadingfiles.StickersService       : hashResult не соответствует регулярному выражению: 
2025-05-28T16:05:21.767+03:00 appender 23220 --- [http-nio-8081-exec-7] c.e.uploadingfiles.StickersService       : hashResult не соответствует регулярному выражению: 
2025-05-28T16:05:21.767+03:00 appender 23220 --- [http-nio-8081-exec-7] c.e.uploadingfiles.StickersService       : hashResult не соответствует регулярному выражению: 
2025-05-28T16:05:21.767+03:00 appender 23220 --- [http-nio-8081-exec-7] c.e.uploadingfiles.StickersService       : hashResult не соответствует регулярному выражению: 
2025-05-28T16:05:21.769+03:00 appender 23220 --- [http-nio-8081-exec-7] c.e.uploadingfiles.StickersService       : hashResult не соответствует регулярному выражению: 
2025-05-28T16:05:21.769+03:00 appender 23220 --- [http-nio-8081-exec-7] c.e.uploadingfiles.StickersService       : hashResult не соответствует регулярному выражению: 
2025-05-28T16:05:21.769+03:00 appender 23220 --- [http-nio-8081-exec-7] c.e.uploadingfiles.StickersService       : hashResult не соответствует регулярному выражению: 
2025-05-28T16:05:21.771+03:00 appender 23220 --- [http-nio-8081-exec-7] c.e.uploadingfiles.StickersService       : hashResult не соответствует регулярному выражению: 
2025-05-28T16:05:21.771+03:00 appender 23220 --- [http-nio-8081-exec-7] c.e.uploadingfiles.StickersService       : hashResult не соответствует регулярному выражению: 
2025-05-28T16:05:22.225+03:00 appender 23220 --- [http-nio-8081-exec-7] c.e.uploadingfiles.StickersService       : hashResult не соответствует регулярному выражению: 
2025-05-28T16:05:24.145+03:00 appender 23220 --- [http-nio-8081-exec-7] c.e.uploadingfiles.StickersService       : hashResult не соответствует регулярному выражению: 
2025-05-28T16:05:24.145+03:00 appender 23220 --- [http-nio-8081-exec-7] c.e.uploadingfiles.StickersService       : hashResult не соответствует регулярному выражению: 
2025-05-28T16:05:24.145+03:00 appender 23220 --- [http-nio-8081-exec-7] c.e.uploadingfiles.StickersService       : hashResult не соответствует регулярному выражению: 
2025-05-28T16:05:24.147+03:00 appender 23220 --- [http-nio-8081-exec-7] c.e.uploadingfiles.StickersService       : hashResult не соответствует регулярному выражению: 
2025-05-28T16:05:24.147+03:00 appender 23220 --- [http-nio-8081-exec-7] c.e.uploadingfiles.StickersService       : hashResult не соответствует регулярному выражению: 
2025-05-28T16:05:24.147+03:00 appender 23220 --- [http-nio-8081-exec-7] c.e.uploadingfiles.StickersService       : hashResult не соответствует регулярному выражению: 
2025-05-28T16:05:24.575+03:00 appender 23220 --- [http-nio-8081-exec-10] c.e.u.FileUploadRestController           : Mapped file wb-gi-108241566.pdf to URL: http://127.0.0.1:8081/api/files/wb-gi-108241566.pdf
2025-05-28T16:05:24.577+03:00 appender 23220 --- [http-nio-8081-exec-10] c.e.u.FileUploadRestController           : Mapped file wb-gi-108241588.pdf to URL: http://127.0.0.1:8081/api/files/wb-gi-108241588.pdf
2025-05-28T16:05:24.578+03:00 appender 23220 --- [http-nio-8081-exec-10] c.e.u.FileUploadRestController           : Total files found: 2
